Scope	Line	Selector	Option	HandlerPreview	Coverage	Evidence
CLI	19	"${1:-}"	ssh-confirm|ssh-rollback	[ "$#" -eq 2 ] || { echo "用法: d $1 TOKEN" >&2; exit 1; } exec /usr/bin/python3 -I - "${1#ssh-}" "$2" <<'PYSSH_CONFIRM' import os, re, stat, sys from pathlib import Path try: if os.geteuid() != 0 or not re.fullmatch(r'[a-f0-9]{32}', sys.argv	cli-real-vm/partial	d8b6684..4c684af; both VMs independent-new-session confirmation; Debian external-change/stale-token rejection and explicit rollback retry; boot/timer worker evidence separate; not every CLI fault path
daimon_migrate_path	89	"$old_path"	/root/daimon|/root/backup|/root/backup-sh|/root/docker-compose-update|/root/.fzf|/root/linux-toolbox.sh|/root/daimon.sh		not-run	-
daimon_migrate_path	89	"$old_path"	*	return 0	not-run	-
daimon_migrate_path	94	"$(realpath -m -- "$new_path")"	"$(realpath -m -- "$DAIMON_ROOT_DIR")"/*		not-run	-
daimon_migrate_path	94	"$(realpath -m -- "$new_path")"	*	return 1	not-run	-
daimon_strip_github_proxy	143	"$url"	https://gh-proxy.com/http*	echo "${url#https://gh-proxy.com/}"	not-run	-
daimon_strip_github_proxy	143	"$url"	https://ghproxy.net/http*	echo "${url#https://ghproxy.net/}"	not-run	-
daimon_strip_github_proxy	143	"$url"	https://ghfast.top/http*	echo "${url#https://ghfast.top/}"	not-run	-
daimon_strip_github_proxy	143	"$url"	https://gh.kejilion.pro/raw.githubusercontent.com/*	echo "https://${url#https://gh.kejilion.pro/}"	not-run	-
daimon_strip_github_proxy	143	"$url"	https://gh.kejilion.pro/github.com/*	echo "https://${url#https://gh.kejilion.pro/}"	not-run	-
daimon_strip_github_proxy	143	"$url"	*	echo "$url"	not-run	-
daimon_jsdelivr_url	155	"$url"	https://raw.githubusercontent.com/*	path="${url#https://raw.githubusercontent.com/}" owner="${path%%/*}"; path="${path#*/}" repo="${path%%/*}"; path="${path#*/}" path="${path#refs/heads/}" branch="${path%%/*}"; rest="${path#*/}" [ -n "$owner" ] && [ -n "$repo" ] && [ -n "$bra	not-run	-
daimon_jsdelivr_url	155	"$url"	https://github.com/*/raw/refs/heads/*	path="${url#https://github.com/}" owner="${path%%/*}"; path="${path#*/}" repo="${path%%/*}"; path="${path#*/raw/refs/heads/}" branch="${path%%/*}"; rest="${path#*/}" [ -n "$owner" ] && [ -n "$repo" ] && [ -n "$branch" ] && [ -n "$rest" ] &&	not-run	-
daimon_github_url_candidates	181	"$url"	https://raw.githubusercontent.com/*|https://github.com/*	echo "https://gh-proxy.com/$url" echo "https://ghproxy.net/$url" jsdelivr=$(daimon_jsdelivr_url "$url") [ -n "$jsdelivr" ] && echo "$jsdelivr" echo "https://ghfast.top/$url" echo "$url"	not-run	-
daimon_github_url_candidates	181	"$url"	*	echo "$url"	not-run	-
daimon_try_download_url	236	"$url"	*\?*	url="${url}&_daimon=$(date +%s)"	not-run	-
daimon_try_download_url	236	"$url"	*	url="${url}?_daimon=$(date +%s)"	not-run	-
docker_daemon_json_merge	862	"$state"	active|inactive|failed		not-run	-
docker_daemon_json_merge	862	"$state"	*	echo "Docker 服务状态不稳定，未修改。"; return 1	not-run	-
docker_mirror_ask_official	994	"$answer"	[Yy]	return 0	not-run	-
docker_mirror_ask_official	994	"$answer"	*	return 1	not-run	-
docker_mirror_speed_test_menu	1132	"$choice"	1	local selected timeout_sec rounds add_official mirrors=() read -e -i "1 2 3 4" -p "请选择默认镜像源编号（空格分隔）: " selected || return 1 read -e -i "100" -p "请输入超时时间（秒）: " timeout_sec || return 1 read -e -i "1" -p "请输入测速轮数: " rounds || return 1 if docke	not-run	-
docker_mirror_speed_test_menu	1132	"$choice"	2	local third timeout_sec rounds mirrors=() read -e -p "请输入第三方镜像源地址: " third || return 1 [ -z "$third" ] && echo "镜像源不能为空" && break_end && continue read -e -i "100" -p "请输入超时时间（秒）: " timeout_sec || return 1 read -e -i "1" -p "请输入测速轮数: " round	menu-real-vm/partial	ccb2b65;two disposable guests Debian13/Docker26.1.5 and Ubuntu22.04ARM64/Docker29.1.3;9checks each; actual submenu2 and helpers with native loopback registry/pull/create/tag/rm, failure/timeout/existing/changed/used/dangling protection; not public-mirror bandwidth or full CLI acceptance
docker_mirror_speed_test_menu	1132	"$choice"	3	local third selected timeout_sec rounds add_official mirrors=() default_selected=() read -e -p "请输入第三方镜像源地址: " third || return 1 [ -z "$third" ] && echo "镜像源不能为空" && break_end && continue read -e -i "1 2 3 4" -p "请选择默认镜像源编号（空格分隔）: " selecte	not-run	-
docker_mirror_speed_test_menu	1132	"$choice"	0	return	not-run	-
docker_mirror_speed_test_menu	1132	"$choice"	*	echo "无效的输入!"; break_end	not-run	-
docker_ps	1264	$sub_choice	1	send_stats "新建容器" read -e -p "请输入创建命令: " dockername || return 1 $dockername	not-run	-
docker_ps	1264	$sub_choice	2	send_stats "启动指定容器" read -e -p "请输入容器名（多个容器名请用空格分隔）: " dockername || return 1 docker start $dockername	not-run	-
docker_ps	1264	$sub_choice	3	send_stats "停止指定容器" read -e -p "请输入容器名（多个容器名请用空格分隔）: " dockername || return 1 docker stop $dockername	not-run	-
docker_ps	1264	$sub_choice	4	send_stats "删除指定容器" read -e -p "请输入容器名（多个容器名请用空格分隔）: " dockername || return 1 docker rm -f $dockername	not-run	-
docker_ps	1264	$sub_choice	5	send_stats "重启指定容器" read -e -p "请输入容器名（多个容器名请用空格分隔）: " dockername || return 1 docker restart $dockername	not-run	-
docker_ps	1264	$sub_choice	6	send_stats "启动所有容器" docker start $(docker ps -a -q)	not-run	-
docker_ps	1264	$sub_choice	7	send_stats "停止所有容器" docker stop $(docker ps -q)	not-run	-
docker_ps	1264	$sub_choice	8	send_stats "删除所有容器" read -e -p "$(echo -e "${gl_hong}注意: ${gl_bai}确定删除所有容器吗？(Y/N): ")" choice || return 1 case "$choice" in [Yy]) docker rm -f $(docker ps -a -q) ;; [Nn]) ;; *) echo "无效的选择，请输入 Y 或 N。" ;; esac	not-run	-
docker_ps	1264	$sub_choice	9	send_stats "重启所有容器" docker restart $(docker ps -q)	not-run	-
docker_ps	1264	$sub_choice	11	send_stats "进入容器" read -e -p "请输入容器名: " dockername || return 1 docker exec -it $dockername /bin/sh break_end	not-run	-
docker_ps	1264	$sub_choice	12	send_stats "查看容器日志" read -e -p "请输入容器名: " dockername || return 1 docker logs $dockername break_end	not-run	-
docker_ps	1264	$sub_choice	13	send_stats "查看容器网络" echo "" container_ids=$(docker ps -q) echo "------------------------------------------------------------" printf "%-25s %-25s %-25s\n" "容器名称" "网络名称" "IP地址" for container_id in $container_ids; do local container_info=$(do	not-run	-
docker_ps	1264	$sub_choice	14	send_stats "查看容器占用" docker stats --no-stream break_end	not-run	-
docker_ps	1264	$sub_choice	15	send_stats "允许容器端口访问" read -e -p "请输入容器名: " docker_name || return 1 ip_address clear_container_rules "$docker_name" "$ipv4_address" local docker_port=$(docker port $docker_name | awk -F'[:]' '/->/ {print $NF}' | uniq) check_docker_app_ip br	not-run	-
docker_ps	1264	$sub_choice	16	send_stats "阻止容器端口访问" read -e -p "请输入容器名: " docker_name || return 1 ip_address block_container_port "$docker_name" "$ipv4_address" local docker_port=$(docker port $docker_name | awk -F'[:]' '/->/ {print $NF}' | uniq) check_docker_app_ip bre	not-run	-
docker_ps	1264	$sub_choice	0	return 90	not-run	-
docker_ps	1264	$sub_choice	*	break	not-run	-
docker_ps	1301	"$choice"	[Yy]	docker rm -f $(docker ps -a -q)	not-run	-
docker_ps	1301	"$choice"	[Nn]		not-run	-
docker_ps	1301	"$choice"	*	echo "无效的选择，请输入 Y 或 N。"	not-run	-
docker_image	1398	$sub_choice	1	send_stats "拉取镜像" read -e -p "请输入镜像名（多个镜像名请用空格分隔）: " imagenames || return 1 for name in $imagenames; do echo -e "${gl_kjlan}正在获取镜像: $name${gl_bai}" docker pull $name done	not-run	-
docker_image	1398	$sub_choice	2	send_stats "更新镜像" read -e -p "请输入镜像名（多个镜像名请用空格分隔）: " imagenames || return 1 for name in $imagenames; do echo -e "${gl_kjlan}正在更新镜像: $name${gl_bai}" docker pull $name done	not-run	-
docker_image	1398	$sub_choice	3	send_stats "删除镜像" read -e -p "请输入镜像名（多个镜像名请用空格分隔）: " imagenames || return 1 for name in $imagenames; do docker rmi -f $name done	not-run	-
docker_image	1398	$sub_choice	4	send_stats "删除所有镜像" read -e -p "$(echo -e "${gl_hong}注意: ${gl_bai}确定删除所有镜像吗？(Y/N): ")" choice || return 1 case "$choice" in [Yy]) docker rmi -f $(docker images -q) ;; [Nn]) ;; *) echo "无效的选择，请输入 Y 或 N。" ;; esac	not-run	-
docker_image	1398	$sub_choice	0	return 90	not-run	-
docker_image	1398	$sub_choice	*	break	not-run	-
docker_image	1425	"$choice"	[Yy]	docker rmi -f $(docker images -q)	not-run	-
docker_image	1425	"$choice"	[Nn]		not-run	-
docker_image	1425	"$choice"	*	echo "无效的选择，请输入 Y 或 N。"	not-run	-
install_crontab	1464	"$ID"	ubuntu|debian|kali	apt update apt install -y cron systemctl enable cron systemctl start cron	not-run	-
install_crontab	1464	"$ID"	centos|rhel|almalinux|rocky|fedora	yum install -y cronie systemctl enable crond systemctl start crond	not-run	-
install_crontab	1464	"$ID"	alpine	apk add --no-cache cronie rc-update add crond rc-service crond start	not-run	-
install_crontab	1464	"$ID"	arch|manjaro	pacman -S --noconfirm cronie systemctl enable cronie systemctl start cronie	not-run	-
install_crontab	1464	"$ID"	opensuse|suse|opensuse-tumbleweed	zypper install -y cron systemctl enable cron systemctl start cron	not-run	-
install_crontab	1464	"$ID"	iStoreOS|openwrt|ImmortalWrt|lede	opkg update opkg install cron /etc/init.d/cron enable /etc/init.d/cron start	not-run	-
install_crontab	1464	"$ID"	FreeBSD	pkg install -y cronie sysrc cron_enable="YES" service cron start	not-run	-
install_crontab	1464	"$ID"	*	echo "不支持的发行版: $ID" return	not-run	-
manage_country_rules	1722	"$action"	block	if ! ipset list "$ipset_name" &> /dev/null; then ipset create "$ipset_name" hash:net fi if ! wget -q "$download_url" -O "${country_code,,}.zone"; then echo "错误：下载 $country_code 的 IP 区域文件失败" continue fi while IFS= read -r ip; do ipset add "$	not-run	-
manage_country_rules	1722	"$action"	allow	if ! ipset list "$ipset_name" &> /dev/null; then ipset create "$ipset_name" hash:net fi if ! wget -q "$download_url" -O "${country_code,,}.zone"; then echo "错误：下载 $country_code 的 IP 区域文件失败" continue fi ipset flush "$ipset_name" while IFS= r	not-run	-
manage_country_rules	1722	"$action"	unblock	iptables -D INPUT -m set --match-set "$ipset_name" src -j DROP 2>/dev/null if ipset list "$ipset_name" &> /dev/null; then ipset destroy "$ipset_name" fi echo "已成功解除 $country_code 的 IP 地址限制"	not-run	-
manage_country_rules	1722	"$action"	*	echo "用法: manage_country_rules {block|allow|unblock} <country_code...>"	not-run	-
iptables_panel	1821	$sub_choice	1	read -e -p "请输入开放的端口号: " o_port || return 1 open_port $o_port send_stats "开放指定端口"	not-run	-
iptables_panel	1821	$sub_choice	2	read -e -p "请输入关闭的端口号: " c_port || return 1 close_port $c_port send_stats "关闭指定端口"	not-run	-
iptables_panel	1821	$sub_choice	3	current_port=$(grep -E '^ *Port [0-9]+' /etc/ssh/sshd_config | awk '{print $2}') iptables -F iptables -X iptables -P INPUT ACCEPT iptables -P FORWARD ACCEPT iptables -P OUTPUT ACCEPT iptables -A INPUT -m state --state ESTABLISHED,RELATED -j	not-run	-
iptables_panel	1821	$sub_choice	4	current_port=$(grep -E '^ *Port [0-9]+' /etc/ssh/sshd_config | awk '{print $2}') iptables -F iptables -X iptables -P INPUT DROP iptables -P FORWARD DROP iptables -P OUTPUT ACCEPT iptables -A INPUT -m state --state ESTABLISHED,RELATED -j ACC	not-run	-
iptables_panel	1821	$sub_choice	5	read -e -p "请输入放行的IP或IP段: " o_ip || return 1 allow_ip $o_ip	not-run	-
iptables_panel	1821	$sub_choice	6	read -e -p "请输入封锁的IP或IP段: " c_ip || return 1 block_ip $c_ip	not-run	-
iptables_panel	1821	$sub_choice	7	read -e -p "请输入清除的IP: " d_ip || return 1 iptables -D INPUT -s $d_ip -j ACCEPT 2>/dev/null iptables -D INPUT -s $d_ip -j DROP 2>/dev/null iptables-save > /etc/iptables/rules.v4 send_stats "清除指定IP"	not-run	-
iptables_panel	1821	$sub_choice	11	iptables -A INPUT -p icmp --icmp-type echo-request -j ACCEPT iptables -A OUTPUT -p icmp --icmp-type echo-reply -j ACCEPT iptables-save > /etc/iptables/rules.v4 send_stats "允许PING"	not-run	-
iptables_panel	1821	$sub_choice	12	iptables -D INPUT -p icmp --icmp-type echo-request -j ACCEPT 2>/dev/null iptables -D OUTPUT -p icmp --icmp-type echo-reply -j ACCEPT 2>/dev/null iptables-save > /etc/iptables/rules.v4 send_stats "禁用PING"	not-run	-
iptables_panel	1821	$sub_choice	13	enable_ddos_defense	not-run	-
iptables_panel	1821	$sub_choice	14	disable_ddos_defense	not-run	-
iptables_panel	1821	$sub_choice	15	read -e -p "请输入阻止的国家代码（多个国家代码可用空格隔开如 CN US JP）: " country_code || return 1 manage_country_rules block $country_code send_stats "允许国家 $country_code 的IP"	not-run	-
iptables_panel	1821	$sub_choice	16	read -e -p "请输入允许的国家代码（多个国家代码可用空格隔开如 CN US JP）: " country_code || return 1 manage_country_rules allow $country_code send_stats "阻止国家 $country_code 的IP"	not-run	-
iptables_panel	1821	$sub_choice	17	read -e -p "请输入清除的国家代码（多个国家代码可用空格隔开如 CN US JP）: " country_code || return 1 manage_country_rules unblock $country_code send_stats "清除国家 $country_code 的IP"	not-run	-
iptables_panel	1821	$sub_choice	*	break	not-run	-
certs_status	2443	$sub_choice	1	send_stats "重新申请" echo "请再次尝试部署 $webname" add_yuming install_ssltls certs_status	not-run	-
certs_status	2443	$sub_choice	2	send_stats "导入已有证书" local cert_file="/home/web/certs/${yuming}_cert.pem" local key_file="/home/web/certs/${yuming}_key.pem" mkdir -p /home/web/certs echo "请粘贴 证书 (CRT/PEM) 内容 (按两次回车结束)：" local cert_content="" while IFS= read -r line; do [[ 	not-run	-
certs_status	2443	$sub_choice	*	exit	not-run	-
web_security	3018	$sub_choice	1	f2b_install_sshd cd /etc/fail2ban/filter.d curl -sS -O ${gh_proxy}raw.githubusercontent.com/kejilion/sh/main/fail2ban-nginx-cc.conf wget ${gh_proxy}raw.githubusercontent.com/linuxserver/fail2ban-confs/master/filter.d/nginx-418.conf wget ${g	not-run	-
web_security	3018	$sub_choice	5	echo "------------------------" f2b_sshd echo "------------------------"	not-run	-
web_security	3018	$sub_choice	6	echo "------------------------" local xxx="fail2ban-nginx-cc" f2b_status_xxx echo "------------------------" local xxx="nginx-418" f2b_status_xxx echo "------------------------" local xxx="nginx-bad-request" f2b_status_xxx echo "-----------	not-run	-
web_security	3018	$sub_choice	7	fail2ban-client status	not-run	-
web_security	3018	$sub_choice	8	tail -f /var/log/fail2ban.log	not-run	-
web_security	3018	$sub_choice	9	remove fail2ban rm -rf /etc/fail2ban crontab -l | grep -v "CF-Under-Attack.sh" | crontab - 2>/dev/null echo "Fail2Ban防御程序已卸载" break	not-run	-
web_security	3018	$sub_choice	11	install vim vim /etc/fail2ban/jail.d/nginx-docker-cc.conf f2b_status break	not-run	-
web_security	3018	$sub_choice	12	fail2ban-client unban --all	not-run	-
web_security	3018	$sub_choice	21	send_stats "cloudflare模式" echo "到cf后台右上角我的个人资料，选择左侧API令牌，获取Global API Key" echo "https://dash.cloudflare.com/login" read -e -p "输入CF的账号: " cfuser || return 1 read -e -p "输入CF的Global API Key: " cftoken || return 1 wget -O /home/web/conf.d/de	not-run	-
web_security	3018	$sub_choice	22	send_stats "高负载开启5秒盾" echo -e "${gl_huang}网站每5分钟自动检测，当达检测到高负载会自动开盾，低负载也会自动关闭5秒盾。${gl_bai}" echo "--------------" echo "获取CF参数: " echo -e "到cf后台右上角我的个人资料，选择左侧API令牌，获取${gl_huang}Global API Key${gl_bai}" echo -e "到cf后台域名概要页面右下方获取${gl_huang}区域I	not-run	-
web_security	3018	$sub_choice	31	nginx_waf on echo "站点WAF已开启" send_stats "站点WAF已开启"	not-run	-
web_security	3018	$sub_choice	32	nginx_waf off echo "站点WAF已关闭" send_stats "站点WAF已关闭"	not-run	-
web_security	3018	$sub_choice	33	enable_ddos_defense	not-run	-
web_security	3018	$sub_choice	34	disable_ddos_defense	not-run	-
web_security	3018	$sub_choice	*	break	not-run	-
web_optimization	3247	$sub_choice	1	send_stats "站点标准模式" local cpu_cores=$(nproc) local connections=$((1024 * ${cpu_cores})) sed -i "s/worker_processes.*/worker_processes ${cpu_cores};/" /home/web/nginx.conf sed -i "s/worker_connections.*/worker_connections ${connections};/" /	not-run	-
web_optimization	3247	$sub_choice	2	send_stats "站点高性能模式" local cpu_cores=$(nproc) local connections=$((2048 * ${cpu_cores})) sed -i "s/worker_processes.*/worker_processes ${cpu_cores};/" /home/web/nginx.conf sed -i "s/worker_connections.*/worker_connections ${connections};/" 	not-run	-
web_optimization	3247	$sub_choice	3	send_stats "nginx_gzip on" nginx_gzip on	not-run	-
web_optimization	3247	$sub_choice	4	send_stats "nginx_gzip off" nginx_gzip off	not-run	-
web_optimization	3247	$sub_choice	5	send_stats "nginx_br on" nginx_br on	not-run	-
web_optimization	3247	$sub_choice	6	send_stats "nginx_br off" nginx_br off	not-run	-
web_optimization	3247	$sub_choice	7	send_stats "nginx_zstd on" nginx_zstd on	not-run	-
web_optimization	3247	$sub_choice	8	send_stats "nginx_zstd off" nginx_zstd off	not-run	-
web_optimization	3247	$sub_choice	*	break	not-run	-
docker_app	3771	$choice	1	setup_docker_dir check_disk_space $app_size /home/docker while true; do read -e -p "输入应用对外服务端口，回车默认使用${docker_port}端口: " app_port || return 1 local app_port=${app_port:-${docker_port}} if ss -tuln | grep -q ":$app_port "; then echo -e "${gl	not-run	-
docker_app	3771	$choice	2	docker rm -f "$docker_name" docker rmi -f "$docker_img" docker_rum add_app_id clear echo "$docker_name 已经安装完成" check_docker_app_ip echo "" $docker_use $docker_passwd send_stats "更新$docker_name"	not-run	-
docker_app	3771	$choice	3	docker rm -f "$docker_name" docker rmi -f "$docker_img" rm -rf "/home/docker/$docker_name" rm -f /home/docker/${docker_name}_port.conf sed -i "/\b${app_id}\b/d" /home/docker/appno.txt echo "应用已卸载" send_stats "卸载$docker_name"	not-run	-
docker_app	3771	$choice	5	echo "${docker_name}域名访问设置" send_stats "${docker_name}域名访问设置" add_yuming ldnmp_Proxy ${yuming} 127.0.0.1 ${docker_port} block_container_port "$docker_name" "$ipv4_address"	not-run	-
docker_app	3771	$choice	6	echo "域名格式 example.com 不带https://" web_del	not-run	-
docker_app	3771	$choice	7	send_stats "允许IP访问 ${docker_name}" clear_container_rules "$docker_name" "$ipv4_address"	not-run	-
docker_app	3771	$choice	8	send_stats "阻止IP访问 ${docker_name}" block_container_port "$docker_name" "$ipv4_address"	not-run	-
docker_app	3771	$choice	*	break	not-run	-
docker_app_plus	3893	$choice	1	setup_docker_dir check_disk_space $app_size /home/docker while true; do read -e -p "输入应用对外服务端口，回车默认使用${docker_port}端口: " app_port || return 1 local app_port=${app_port:-${docker_port}} if ss -tuln | grep -q ":$app_port "; then echo -e "${gl	not-run	-
docker_app_plus	3893	$choice	2	docker_app_update add_app_id send_stats "$app_name 更新"	not-run	-
docker_app_plus	3893	$choice	3	docker_app_uninstall rm -f /home/docker/${docker_name}_port.conf sed -i "/\b${app_id}\b/d" /home/docker/appno.txt send_stats "$app_name 卸载"	not-run	-
docker_app_plus	3893	$choice	5	echo "${docker_name}域名访问设置" send_stats "${docker_name}域名访问设置" add_yuming ldnmp_Proxy ${yuming} 127.0.0.1 ${docker_port} block_container_port "$docker_name" "$ipv4_address"	not-run	-
docker_app_plus	3893	$choice	6	echo "域名格式 example.com 不带https://" web_del	not-run	-
docker_app_plus	3893	$choice	7	send_stats "允许IP访问 ${docker_name}" clear_container_rules "$docker_name" "$ipv4_address"	not-run	-
docker_app_plus	3893	$choice	8	send_stats "阻止IP访问 ${docker_name}" block_container_port "$docker_name" "$ipv4_address"	not-run	-
docker_app_plus	3893	$choice	*	break	not-run	-
server_reboot	4187	"$rboot"	[Yy]	echo "已重启" reboot	not-run	-
server_reboot	4187	"$rboot"	*	echo "已取消"	not-run	-
stream_panel	4556	$choice	1	nginx_install_status add_app_id send_stats "安装Stream四层代理"	not-run	-
stream_panel	4556	$choice	2	update_docker_compose_with_db_creds nginx_upgrade add_app_id send_stats "更新Stream四层代理"	not-run	-
stream_panel	4556	$choice	3	read -e -p "确定要删除 nginx 容器吗？这可能会影响网站功能！(y/N): " confirm || return 1 if [[ "$confirm" =~ ^[Yy]$ ]]; then docker rm -f nginx sed -i "/\b${app_id}\b/d" /home/docker/appno.txt send_stats "更新Stream四层代理" echo "nginx 容器已删除。" else echo "操作已取消。" fi	not-run	-
stream_panel	4556	$choice	4	ldnmp_Proxy_backend_stream add_app_id send_stats "添加四层代理"	not-run	-
stream_panel	4556	$choice	5	send_stats "编辑转发配置" read -e -p "请输入你要编辑的服务名: " stream_name || return 1 install vim vim /home/web/stream.d/$stream_name.conf docker restart nginx send_stats "修改四层代理"	not-run	-
stream_panel	4556	$choice	6	send_stats "删除转发配置" read -e -p "请输入你要删除的服务名: " stream_name || return 1 rm /home/web/stream.d/$stream_name.conf > /dev/null 2>&1 docker restart nginx send_stats "删除四层代理"	not-run	-
stream_panel	4556	$choice	*	break	not-run	-
ldnmp_Proxy_backend_stream	4634	"$proto_choice"	1	proto="tcp"; listen_suffix=""	not-run	-
ldnmp_Proxy_backend_stream	4634	"$proto_choice"	2	proto="udp"; listen_suffix=" udp"	not-run	-
ldnmp_Proxy_backend_stream	4634	"$proto_choice"	*	echo "无效选择"; return 1	not-run	-
ldnmp_web_status	4764	$sub_choice	1	send_stats "申请域名证书" read -e -p "请输入你的域名: " yuming || return 1 install_certbot docker run --rm -v /etc/letsencrypt/:/etc/letsencrypt certbot/certbot delete --cert-name "$yuming" -n 2>/dev/null install_ssltls certs_status	not-run	-
ldnmp_web_status	4764	$sub_choice	2	send_stats "克隆站点域名" read -e -p "请输入旧域名: " oddyuming || return 1 read -e -p "请输入新域名: " yuming || return 1 install_certbot install_ssltls certs_status add_db local odd_dbname=$(echo "$oddyuming" | sed -e 's/[^A-Za-z0-9]/_/g') local odd_dbname	not-run	-
ldnmp_web_status	4764	$sub_choice	3	web_cache	not-run	-
ldnmp_web_status	4764	$sub_choice	4	send_stats "创建关联站点" echo -e "为现有的站点再关联一个新域名用于访问" read -e -p "请输入现有的域名: " oddyuming || return 1 read -e -p "请输入新域名: " yuming || return 1 install_certbot install_ssltls certs_status cp /home/web/conf.d/$oddyuming.conf /home/web/conf.d/$yuming	not-run	-
ldnmp_web_status	4764	$sub_choice	5	send_stats "查看访问日志" tail -n 200 /home/web/log/nginx/access.log break_end	not-run	-
ldnmp_web_status	4764	$sub_choice	6	send_stats "查看错误日志" tail -n 200 /home/web/log/nginx/error.log break_end	not-run	-
ldnmp_web_status	4764	$sub_choice	7	send_stats "编辑全局配置" install vim vim /home/web/nginx.conf docker exec nginx nginx -s reload	not-run	-
ldnmp_web_status	4764	$sub_choice	8	send_stats "编辑站点配置" read -e -p "编辑站点配置，请输入你要编辑的域名: " yuming || return 1 install vim vim /home/web/conf.d/$yuming.conf docker exec nginx nginx -s reload	not-run	-
ldnmp_web_status	4764	$sub_choice	9	phpmyadmin_upgrade break_end	not-run	-
ldnmp_web_status	4764	$sub_choice	10	send_stats "查看站点数据" install goaccess goaccess --log-format=COMBINED /home/web/log/nginx/access.log	not-run	-
ldnmp_web_status	4764	$sub_choice	20	web_del docker run --rm -v /etc/letsencrypt/:/etc/letsencrypt certbot/certbot delete --cert-name "$yuming" -n 2>/dev/null	not-run	-
ldnmp_web_status	4764	$sub_choice	*	break	not-run	-
install_panel	4907	$choice	1	check_disk_space 1 install wget iptables_open panel_app_install add_app_id send_stats "${panelname}安装"	not-run	-
install_panel	4907	$choice	2	panel_app_manage add_app_id send_stats "${panelname}控制"	not-run	-
install_panel	4907	$choice	3	panel_app_uninstall sed -i "/\b${app_id}\b/d" /home/docker/appno.txt send_stats "${panelname}卸载"	not-run	-
install_panel	4907	$choice	*	break	not-run	-
frps_panel	5252	$choice	1	install jq grep ss install_docker generate_frps_config add_app_id echo "FRP服务端已经安装完成"	not-run	-
frps_panel	5252	$choice	2	crontab -l | grep -v 'frps' | crontab - > /dev/null 2>&1 tmux kill-session -t frps >/dev/null 2>&1 docker rm -f frps && docker rmi kjlion/frp:alpine >/dev/null 2>&1 [ -f /home/frp/frps.toml ] || cp /home/frp/frp_0.61.0_linux_amd64/frps.toml	not-run	-
frps_panel	5252	$choice	3	crontab -l | grep -v 'frps' | crontab - > /dev/null 2>&1 tmux kill-session -t frps >/dev/null 2>&1 docker rm -f frps && docker rmi kjlion/frp:alpine rm -rf /home/frp close_port 8055 8056 sed -i "/\b${app_id}\b/d" /home/docker/appno.txt echo	not-run	-
frps_panel	5252	$choice	5	echo "将内网穿透服务反代成域名访问" send_stats "FRP对外域名访问" add_yuming read -e -p "请输入你的内网穿透服务端口: " frps_port || return 1 ldnmp_Proxy ${yuming} 127.0.0.1 ${frps_port} block_host_port "$frps_port" "$ipv4_address"	not-run	-
frps_panel	5252	$choice	6	echo "域名格式 example.com 不带https://" web_del	not-run	-
frps_panel	5252	$choice	7	send_stats "允许IP访问" read -e -p "请输入需要放行的端口: " frps_port || return 1 clear_host_port_rules "$frps_port" "$ipv4_address"	not-run	-
frps_panel	5252	$choice	8	send_stats "阻止IP访问" echo "如果你已经反代域名访问了，可用此功能阻止IP+端口访问，这样更安全。" read -e -p "请输入需要阻止的端口: " frps_port || return 1 block_host_port "$frps_port" "$ipv4_address"	not-run	-
frps_panel	5252	$choice	00	send_stats "刷新FRP服务状态" echo "已经刷新FRP服务状态"	not-run	-
frps_panel	5252	$choice	*	break	not-run	-
frpc_panel	5349	$choice	1	install jq grep ss install_docker configure_frpc add_app_id echo "FRP客户端已经安装完成"	not-run	-
frpc_panel	5349	$choice	2	crontab -l | grep -v 'frpc' | crontab - > /dev/null 2>&1 tmux kill-session -t frpc >/dev/null 2>&1 docker rm -f frpc && docker rmi kjlion/frp:alpine >/dev/null 2>&1 [ -f /home/frp/frpc.toml ] || cp /home/frp/frp_0.61.0_linux_amd64/frpc.toml	not-run	-
frpc_panel	5349	$choice	3	crontab -l | grep -v 'frpc' | crontab - > /dev/null 2>&1 tmux kill-session -t frpc >/dev/null 2>&1 docker rm -f frpc && docker rmi kjlion/frp:alpine rm -rf /home/frp close_port 8055 sed -i "/\b${app_id}\b/d" /home/docker/appno.txt echo "应用已	not-run	-
frpc_panel	5349	$choice	4	add_forwarding_service	not-run	-
frpc_panel	5349	$choice	5	delete_forwarding_service	not-run	-
frpc_panel	5349	$choice	6	install vim vim /home/frp/frpc.toml docker restart frpc	not-run	-
frpc_panel	5349	$choice	*	break	not-run	-
yt_menu_pro	5440	$choice	1	send_stats "正在安装 yt-dlp..." echo "正在安装 yt-dlp..." install ffmpeg daimon_download_to "https://github.com/yt-dlp/yt-dlp/releases/latest/download/yt-dlp" "/usr/local/bin/yt-dlp" chmod a+rx /usr/local/bin/yt-dlp add_app_id echo "安装完成。按任意键继续..."	not-run	-
yt_menu_pro	5440	$choice	2	send_stats "正在更新 yt-dlp..." echo "正在更新 yt-dlp..." yt-dlp -U add_app_id echo "更新完成。按任意键继续..." read	not-run	-
yt_menu_pro	5440	$choice	3	send_stats "正在卸载 yt-dlp..." echo "正在卸载 yt-dlp..." rm -f /usr/local/bin/yt-dlp sed -i "/\b${app_id}\b/d" /home/docker/appno.txt echo "卸载完成。按任意键继续..." read	not-run	-
yt_menu_pro	5440	$choice	5	send_stats "单个视频下载" read -e -p "请输入视频链接: " url || return 1 yt-dlp -P "$VIDEO_DIR" -f "bv*+ba/b" --merge-output-format mp4 \ --write-subs --sub-langs all \ --write-thumbnail --embed-thumbnail \ --write-info-json \ -o "$VIDEO_DIR/%(title)s/%(	not-run	-
yt_menu_pro	5440	$choice	6	send_stats "批量视频下载" install vim if [ ! -f "$URL_FILE" ]; then echo -e "# 输入多个视频链接地址\n# https://www.bilibili.com/bangumi/play/ep733316?spm_id_from=333.337.0.0&from_spmid=666.25.episode.0" > "$URL_FILE" fi vim $URL_FILE echo "现在开始批量下载..." yt-	not-run	-
yt_menu_pro	5440	$choice	7	send_stats "自定义视频下载" read -e -p "请输入完整 yt-dlp 参数（不含 yt-dlp）: " custom || return 1 yt-dlp -P "$VIDEO_DIR" $custom \ --write-subs --sub-langs all \ --write-thumbnail --embed-thumbnail \ --write-info-json \ -o "$VIDEO_DIR/%(title)s/%(title)s.%	not-run	-
yt_menu_pro	5440	$choice	8	send_stats "MP3下载" read -e -p "请输入视频链接: " url || return 1 yt-dlp -P "$VIDEO_DIR" -x --audio-format mp3 \ --write-subs --sub-langs all \ --write-thumbnail --embed-thumbnail \ --write-info-json \ -o "$VIDEO_DIR/%(title)s/%(title)s.%(ext)s" \ 	not-run	-
yt_menu_pro	5440	$choice	9	send_stats "删除视频" read -e -p "请输入删除视频名称: " rmdir || return 1 if [ -z "$rmdir" ] || [ "$rmdir" = "." ] || [ "$rmdir" = ".." ] || [[ "$rmdir" == */* ]]; then echo -e "${gl_hong}名称无效，未删除任何内容。${gl_bai}" elif [ ! -e "$VIDEO_DIR/$rmdir" ]; then e	not-run	-
yt_menu_pro	5440	$choice	*	break	not-run	-
current_timezone	5539	"$timezone"	/usr/share/zoneinfo/*	printf '%s\n' "${timezone#/usr/share/zoneinfo/}"	not-run	-
current_timezone	5539	"$timezone"	*	date +"%Z %z"	not-run	-
restore_dns_config	5749	"$target"	/run/systemd/resolve/*	service=systemd-resolved	not-run	-
restore_dns_config	5749	"$target"	/run/NetworkManager/*	service=NetworkManager	not-run	-
restore_dns_config	5749	"$target"	/run/resolvconf/*	service=resolvconf	not-run	-
set_dns_ui	5801	"$Limiting"	1	local dns1_ipv4="1.1.1.1" local dns2_ipv4="8.8.8.8" local dns1_ipv6="2606:4700:4700::1111" local dns2_ipv6="2001:4860:4860::8888" set_dns send_stats "国外DNS优化"	menu-real/partial	83f02b2/system-tools-real.py; all six; actual DNS menu and private UDP DNS/getent, preserves search/options and manager symlink target; offline IPv4 fallback, not IPv6-only/public resolver coverage
set_dns_ui	5801	"$Limiting"	2	local dns1_ipv4="223.5.5.5" local dns2_ipv4="119.29.29.29" local dns1_ipv6="2400:3200::1" local dns2_ipv6="2402:4e00::" set_dns send_stats "国内DNS优化"	menu-real/partial	83f02b2/system-tools-real.py; all six; actual DNS menu and private UDP DNS/getent, preserves search/options and manager symlink target; offline IPv4 fallback, not IPv6-only/public resolver coverage
set_dns_ui	5801	"$Limiting"	3	edit_dns_config && send_stats "手动编辑DNS配置"	menu-real/partial	83f02b2/dns-editor-real.py; all six official native rootfs; actual main 5/3/3 with real Vim and PTY; valid edit, invalid IP, save then editor failure, quit without save; original DNS preserved on failures
set_dns_ui	5801	"$Limiting"	4	restore_dns_config send_stats "恢复DNS配置"	menu-real/partial	2575b93/system-tools-real.py; six hosts; isolated owned files and network/mount namespaces; actual restore menu; four Ubuntu live manager and resolver; Debian absent manager safely refused; replacement failure preserved config
set_dns_ui	5801	"$Limiting"	*	break	not-run	-
ssh_public_key_valid	5848	"$key"	ssh-*' '*|ecdsa-sha2-*' '*|sk-*' '*		not-run	-
ssh_public_key_valid	5848	"$key"	*	return 1	not-run	-
sshkey_panel	6068	$host_dns	1	send_stats "生成新密钥" add_sshkey break_end	not-run	-
sshkey_panel	6068	$host_dns	2	send_stats "导入已有公钥" import_sshkey break_end	handler-real/partial	2026-09-28 ssh-key; six hosts; isolated sshd; not whole CLI
sshkey_panel	6068	$host_dns	3	send_stats "导入GitHub远端公钥" fetch_github_ssh_keys break_end	not-run	-
sshkey_panel	6068	$host_dns	4	send_stats "导入URL远端公钥" read -e -p "请输入您的远端公钥URL： " keys_url || return 1 fetch_remote_ssh_keys "${keys_url}" break_end	handler-real/partial	2026-09-28 ssh-key; six hosts; isolated sshd; not whole CLI
sshkey_panel	6068	$host_dns	5	send_stats "编辑公钥文件" install vim vim ${HOME}/.ssh/authorized_keys break_end	not-run	-
sshkey_panel	6068	$host_dns	6	send_stats "查看本机密钥" echo "------------------------" echo "公钥信息" cat ${HOME}/.ssh/authorized_keys echo "------------------------" echo "私钥信息" cat ${HOME}/.ssh/sshkey echo "------------------------" break_end	not-run	-
sshkey_panel	6068	$host_dns	*	break	not-run	-
bbrv3	6367	$sub_choice	1	xanmod_install_or_update update	not-run	-
bbrv3	6367	$sub_choice	2	xanmod_uninstall	not-run	-
bbrv3	6367	$sub_choice	*	break	not-run	-
bbrv3	6391	"$choice"	[Yy]	xanmod_install_or_update install	not-run	-
bbrv3	6391	"$choice"	[Nn]	echo "已取消"	not-run	-
bbrv3	6391	"$choice"	*	echo "无效的选择，请输入 Y 或 N。"	not-run	-
elrepo	6465	$sub_choice	1	dnf remove -y elrepo-release rpm -qa | grep elrepo | grep kernel | xargs rpm -e --nodeps elrepo_install send_stats "更新红帽内核" server_reboot	not-run	-
elrepo	6465	$sub_choice	2	dnf remove -y elrepo-release rpm -qa | grep elrepo | grep kernel | xargs rpm -e --nodeps echo "elrepo内核已卸载。重启后生效" send_stats "卸载红帽内核" server_reboot	not-run	-
elrepo	6465	$sub_choice	*	break	not-run	-
elrepo	6499	"$choice"	[Yy]	check_swap elrepo_install send_stats "升级红帽内核" server_reboot	not-run	-
elrepo	6499	"$choice"	[Nn]	echo "已取消"	not-run	-
elrepo	6499	"$choice"	*	echo "无效的选择，请输入 Y 或 N。"	not-run	-
clamav	6588	$sub_choice	1	send_stats "全盘扫描" install_docker docker volume create clam_db > /dev/null 2>&1 clamav_freshclam clamav_scan / break_end	not-run	-
clamav	6588	$sub_choice	2	send_stats "重要目录扫描" install_docker docker volume create clam_db > /dev/null 2>&1 clamav_freshclam clamav_scan /etc /var /usr /home /root break_end	not-run	-
clamav	6588	$sub_choice	3	send_stats "自定义目录扫描" read -e -p "请输入要扫描的目录，用空格分隔（例如：/etc /var /usr /home /root）: " directories || return 1 install_docker clamav_freshclam clamav_scan $directories break_end	not-run	-
clamav	6588	$sub_choice	*	break	not-run	-
_kernel_optimize_core	6651	"$scene"	high|stream|game	SWAPPINESS=10 DIRTY_RATIO=15 DIRTY_BG_RATIO=5 OVERCOMMIT=1 VFS_PRESSURE=50 RMEM_MAX=67108864 WMEM_MAX=67108864 TCP_RMEM="4096 262144 67108864" TCP_WMEM="4096 262144 67108864" SOMAXCONN=8192 BACKLOG=250000 SYN_BACKLOG=8192 PORT_RANGE="1024 6	not-run	-
_kernel_optimize_core	6651	"$scene"	web	SWAPPINESS=10 DIRTY_RATIO=20 DIRTY_BG_RATIO=10 OVERCOMMIT=1 VFS_PRESSURE=50 RMEM_MAX=33554432 WMEM_MAX=33554432 TCP_RMEM="4096 131072 33554432" TCP_WMEM="4096 131072 33554432" SOMAXCONN=16384 BACKLOG=10000 SYN_BACKLOG=16384 PORT_RANGE="1024	not-run	-
_kernel_optimize_core	6651	"$scene"	balanced	SWAPPINESS=30 DIRTY_RATIO=20 DIRTY_BG_RATIO=10 OVERCOMMIT=0 VFS_PRESSURE=75 RMEM_MAX=16777216 WMEM_MAX=16777216 TCP_RMEM="4096 87380 16777216" TCP_WMEM="4096 65536 16777216" SOMAXCONN=4096 BACKLOG=5000 SYN_BACKLOG=4096 PORT_RANGE="1024 4915	not-run	-
Kernel_optimize	6994	$sub_choice	1	cd ~ clear local tiaoyou_moshi="高性能优化模式" optimize_high_performance send_stats "高性能模式优化"	not-run	-
Kernel_optimize	6994	$sub_choice	2	cd ~ clear optimize_balanced send_stats "均衡模式优化"	not-run	-
Kernel_optimize	6994	$sub_choice	3	cd ~ clear optimize_web_server send_stats "网站优化模式"	not-run	-
Kernel_optimize	6994	$sub_choice	4	cd ~ clear _kernel_optimize_core "直播优化模式" "stream" send_stats "直播推流优化"	not-run	-
Kernel_optimize	6994	$sub_choice	5	cd ~ clear _kernel_optimize_core "低延迟优化模式" "game" send_stats "低延迟优化"	not-run	-
Kernel_optimize	6994	$sub_choice	6	cd ~ clear restore_defaults daimon_download "${gh_proxy}raw.githubusercontent.com/kejilion/sh/refs/heads/main/network-optimize.sh" "network-optimize.sh" && source "$DAIMON_SCRIPT_DIR/network-optimize.sh" && restore_network_defaults send_sta	not-run	-
Kernel_optimize	6994	$sub_choice	7	cd ~ clear daimon_run_cached_script "${gh_proxy}raw.githubusercontent.com/kejilion/sh/refs/heads/main/network-optimize.sh" "network-optimize.sh" send_stats "内核自动调优"	not-run	-
Kernel_optimize	6994	$sub_choice	*	break	not-run	-
daimon_debian_locale	7061	"$config"	/etc/default/locale|/etc/locale.conf		not-run	-
daimon_debian_locale	7061	"$config"	*	echo "语言配置链接目标不安全。"; return 1	not-run	-
update_locale	7116	$ID	debian|ubuntu|kali	daimon_debian_locale "$lang" "$locale_file" || return 1 export LANG=${lang} echo -e "${gl_lv}系统语言已经修改为: $lang 重新连接SSH生效。${gl_bai}" hash -r [ "$pause_after" = "false" ] || break_end	not-run	-
update_locale	7116	$ID	centos|rhel|almalinux|rocky|fedora	install "glibc-langpack-${lang%%_*}" || return 1 localectl set-locale "LANG=$lang" || return 1 echo "LANG=${lang}" > /etc/locale.conf || return 1 export LANG="$lang" echo -e "${gl_lv}系统语言已经修改为: $lang 重新连接SSH生效。${gl_bai}" hash -r [ "$pause_a	not-run	-
update_locale	7116	$ID	*	echo "不支持的系统: $ID" [ "$pause_after" = "false" ] || break_end return 1	not-run	-
linux_language	7167	$choice	1	update_locale "en_US.UTF-8" "en_US.UTF-8" send_stats "切换到英文"	menu-real/partial	c5ef2b5 Japan/DMIT + f6c1d2c other four; locale-real.py; native official rootfs, actual main5/18 each of nine locales, libc UTF-8 charmap, preserves LC_TIME, native Debian symlink, repeat/EOF, real immutable/readonly generation/lock failures; not SSH/PAM locale acceptance
linux_language	7167	$choice	2	update_locale "zh_CN.UTF-8" "zh_CN.UTF-8" send_stats "切换到简体中文"	menu-real/partial	c5ef2b5 Japan/DMIT + f6c1d2c other four; locale-real.py; native official rootfs, actual main5/18 each of nine locales, libc UTF-8 charmap, preserves LC_TIME, native Debian symlink, repeat/EOF, real immutable/readonly generation/lock failures; not SSH/PAM locale acceptance
linux_language	7167	$choice	3	update_locale "zh_TW.UTF-8" "zh_TW.UTF-8" send_stats "切换到繁体中文"	menu-real/partial	c5ef2b5 Japan/DMIT + f6c1d2c other four; locale-real.py; native official rootfs, actual main5/18 each of nine locales, libc UTF-8 charmap, preserves LC_TIME, native Debian symlink, repeat/EOF, real immutable/readonly generation/lock failures; not SSH/PAM locale acceptance
linux_language	7167	$choice	4	update_locale "ja_JP.UTF-8" "ja_JP.UTF-8" send_stats "切换到日文"	menu-real/partial	c5ef2b5 Japan/DMIT + f6c1d2c other four; locale-real.py; native official rootfs, actual main5/18 each of nine locales, libc UTF-8 charmap, preserves LC_TIME, native Debian symlink, repeat/EOF, real immutable/readonly generation/lock failures; not SSH/PAM locale acceptance
linux_language	7167	$choice	5	update_locale "ko_KR.UTF-8" "ko_KR.UTF-8" send_stats "切换到韩文"	menu-real/partial	c5ef2b5 Japan/DMIT + f6c1d2c other four; locale-real.py; native official rootfs, actual main5/18 each of nine locales, libc UTF-8 charmap, preserves LC_TIME, native Debian symlink, repeat/EOF, real immutable/readonly generation/lock failures; not SSH/PAM locale acceptance
linux_language	7167	$choice	6	update_locale "de_DE.UTF-8" "de_DE.UTF-8" send_stats "切换到德文"	menu-real/partial	c5ef2b5 Japan/DMIT + f6c1d2c other four; locale-real.py; native official rootfs, actual main5/18 each of nine locales, libc UTF-8 charmap, preserves LC_TIME, native Debian symlink, repeat/EOF, real immutable/readonly generation/lock failures; not SSH/PAM locale acceptance
linux_language	7167	$choice	7	update_locale "fr_FR.UTF-8" "fr_FR.UTF-8" send_stats "切换到法文"	menu-real/partial	c5ef2b5 Japan/DMIT + f6c1d2c other four; locale-real.py; native official rootfs, actual main5/18 each of nine locales, libc UTF-8 charmap, preserves LC_TIME, native Debian symlink, repeat/EOF, real immutable/readonly generation/lock failures; not SSH/PAM locale acceptance
linux_language	7167	$choice	8	update_locale "es_ES.UTF-8" "es_ES.UTF-8" send_stats "切换到西班牙文"	menu-real/partial	c5ef2b5 Japan/DMIT + f6c1d2c other four; locale-real.py; native official rootfs, actual main5/18 each of nine locales, libc UTF-8 charmap, preserves LC_TIME, native Debian symlink, repeat/EOF, real immutable/readonly generation/lock failures; not SSH/PAM locale acceptance
linux_language	7167	$choice	9	update_locale "ru_RU.UTF-8" "ru_RU.UTF-8" send_stats "切换到俄文"	menu-real/partial	c5ef2b5 Japan/DMIT + f6c1d2c other four; locale-real.py; native official rootfs, actual main5/18 each of nine locales, libc UTF-8 charmap, preserves LC_TIME, native Debian symlink, repeat/EOF, real immutable/readonly generation/lock failures; not SSH/PAM locale acceptance
linux_language	7167	$choice	*	break	not-run	-
shell_bianse	7252	$choice	1	local bianse="PS1='\[\033[1;32m\]\u\[\033[0m\]@\[\033[1;34m\]\h\[\033[0m\] \[\033[1;31m\]\w\[\033[0m\] # '" shell_bianse_profile	not-run	-
shell_bianse	7252	$choice	2	local bianse="PS1='\[\033[1;35m\]\u\[\033[0m\]@\[\033[1;36m\]\h\[\033[0m\] \[\033[1;33m\]\w\[\033[0m\] # '" shell_bianse_profile	not-run	-
shell_bianse	7252	$choice	3	local bianse="PS1='\[\033[1;31m\]\u\[\033[0m\]@\[\033[1;32m\]\h\[\033[0m\] \[\033[1;34m\]\w\[\033[0m\] # '" shell_bianse_profile	not-run	-
shell_bianse	7252	$choice	4	local bianse="PS1='\[\033[1;36m\]\u\[\033[0m\]@\[\033[1;33m\]\h\[\033[0m\] \[\033[1;37m\]\w\[\033[0m\] # '" shell_bianse_profile	not-run	-
shell_bianse	7252	$choice	5	local bianse="PS1='\[\033[1;37m\]\u\[\033[0m\]@\[\033[1;31m\]\h\[\033[0m\] \[\033[1;32m\]\w\[\033[0m\] # '" shell_bianse_profile	not-run	-
shell_bianse	7252	$choice	6	local bianse="PS1='\[\033[1;33m\]\u\[\033[0m\]@\[\033[1;34m\]\h\[\033[0m\] \[\033[1;35m\]\w\[\033[0m\] # '" shell_bianse_profile	not-run	-
shell_bianse	7252	$choice	7	local bianse="" shell_bianse_profile	not-run	-
shell_bianse	7252	$choice	*	break	not-run	-
linux_trash	7322	$choice	1	install trash-cli sed -i '/alias rm/d' "$bashrc_profile" echo "alias rm='trash-put'" >> "$bashrc_profile" source "$bashrc_profile" echo "回收站已启用，删除的文件将移至回收站。" sleep 2	not-run	-
linux_trash	7322	$choice	2	remove trash-cli sed -i '/alias rm/d' "$bashrc_profile" echo "alias rm='rm -i'" >> "$bashrc_profile" source "$bashrc_profile" echo "回收站已关闭，文件将直接删除。" sleep 2	not-run	-
linux_trash	7322	$choice	3	read -e -p "输入要还原的文件名: " file_to_restore || return 1 if [ -e "$TRASH_DIR/$file_to_restore" ]; then mv "$TRASH_DIR/$file_to_restore" "$HOME/" echo "$file_to_restore 已还原到主目录。" else echo "文件不存在。" fi	not-run	-
linux_trash	7322	$choice	4	read -e -p "确认清空回收站？[y/n]: " confirm || return 1 if [[ "$confirm" == "y" ]]; then trash-empty echo "回收站已清空。" fi	not-run	-
linux_trash	7322	$choice	*	break	not-run	-
linux_backup	7579	$choice	1	create_backup	not-run	-
linux_backup	7579	$choice	2	restore_backup	helper-real/partial	a523c51; six native hosts each 7 regressions and 12 actual GNU tar/restore-helper checks in owned read-only-host namespace; cancel/EOF/nonempty/link/traversal/flock/immutable/retry; not full CLI or whole-system restore
linux_backup	7579	$choice	3	delete_backup	menu-real/partial	6715ec5;17checks on six native hosts; installed linux_backup submenu with isolated backup-root remap; tar/rm/chattr, confirm/cancel/EOF/escape/symlink/hardlink/owner/immutable/replacement; not full CLI e2e
linux_backup	7579	$choice	*	break	not-run	-
kj_ssh_read_auth	7692	$auth_choice	1	read -s -p "请输入密码: " password_or_key || return 1 echo if [ -z "$password_or_key" ]; then echo "错误: 密码不能为空。" return 1 fi KJ_SSH_AUTH_METHOD="password" KJ_SSH_AUTH_SECRET="$password_or_key"	not-run	-
kj_ssh_read_auth	7692	$auth_choice	2	echo "请粘贴密钥内容 (粘贴完成后按两次回车)：" while IFS= read -r line; do if [[ -z "$line" && "$password_or_key" == *"-----BEGIN"* ]]; then break fi if [[ -n "$line" || "$password_or_key" == *"-----BEGIN"* ]]; then password_or_key+="${line}"$'\n' fi done if	not-run	-
kj_ssh_read_auth	7692	$auth_choice	*	echo "无效的选择！" return 1	not-run	-
ssh_manager	7878	$choice	1	add_connection	not-run	-
ssh_manager	7878	$choice	2	use_connection	not-run	-
ssh_manager	7878	$choice	3	delete_connection	not-run	-
ssh_manager	7878	$choice	0	break	not-run	-
ssh_manager	7878	$choice	*	echo "无效的选择，请重试。"	not-run	-
format_partition	8023	$FS_CHOICE	1	FS_TYPE="ext4"	handler-real/partial	2026-09-28 disk; six hosts; ext4 owned loop image only
format_partition	8023	$FS_CHOICE	2	FS_TYPE="xfs"	not-run	-
format_partition	8023	$FS_CHOICE	3	FS_TYPE="ntfs"	not-run	-
format_partition	8023	$FS_CHOICE	4	FS_TYPE="vfat"	not-run	-
format_partition	8023	$FS_CHOICE	*	echo "无效的选择！"; return 1	not-run	-
disk_manager	8077	$choice	1	mount_partition	not-run	-
disk_manager	8077	$choice	2	unmount_partition	not-run	-
disk_manager	8077	$choice	3	list_mounted_partitions	not-run	-
disk_manager	8077	$choice	4	format_partition	handler-real/partial	2026-09-28 disk; six hosts; ext4 owned loop image only
disk_manager	8077	$choice	5	check_partition	handler-real/partial	2026-09-28 disk; six hosts; ext4 owned loop image only
disk_manager	8077	$choice	*	break	not-run	-
add_task	8183	$mode	1	options="-avz"	not-run	-
add_task	8183	$mode	2	options="-avz --delete"	not-run	-
add_task	8183	$mode	*	echo "无效选择，使用默认 -avz"; options="-avz"	not-run	-
run_task	8271	"$options"	'-avz'|'-avz --delete'		not-run	-
run_task	8271	"$options"	*	echo "同步选项无效"; return 1	not-run	-
schedule_task	8348	"$interval"	1	cron_time="$random_minute * * * *"	not-run	-
schedule_task	8348	"$interval"	2	cron_time="$random_minute 0 * * *"	not-run	-
schedule_task	8348	"$interval"	3	cron_time="$random_minute 0 * * 1"	not-run	-
schedule_task	8348	"$interval"	*	echo "错误: 请输入有效的选项！" ; return	not-run	-
rsync_manager	8417	$choice	1	add_task	handler-real/partial	2026-09-28 rsync; six hosts; key authentication; loopback
rsync_manager	8417	$choice	2	delete_task	handler-real/partial	2026-09-28 rsync; six hosts; key authentication; loopback
rsync_manager	8417	$choice	3	run_task push	menu-real/partial	2026-09-28 rsync; six hosts; key authentication; loopback
rsync_manager	8417	$choice	4	run_task pull	menu-real/partial	2026-09-28 rsync; six hosts; key authentication; loopback
rsync_manager	8417	$choice	5	schedule_task	handler-real/partial	2026-09-28 rsync; six hosts; key authentication; loopback
rsync_manager	8417	$choice	6	delete_task_schedule	handler-real/partial	2026-09-28 rsync; six hosts; key authentication; loopback
rsync_manager	8417	$choice	0	break	menu-real/partial	2026-09-28 rsync; six hosts; key authentication; loopback
rsync_manager	8417	$choice	*	echo "无效的选择，请重试。"	not-run	-
normalize_ssh_bool	8492	"$value"	yes|true|on	echo "yes"	not-run	-
normalize_ssh_bool	8492	"$value"	no|false|off	echo "no"	not-run	-
normalize_ssh_bool	8492	"$value"	*	echo "$1"	not-run	-
daimon_network_verify_sysctl_file	8928	"$line"	''|'#'*	continue	not-run	-
daimon_network_show_conflicting_sysctl_configs	8946	"$line"	''|'#'*	continue	not-run	-
embedded@9062/cleanup_old	19	"$DISTRO"	ubuntu|debian|raspbian	$SUDO apt remove -y docker docker-engine docker.io containerd runc 2>/dev/null || true	not-run	-
embedded@9062/cleanup_old	19	"$DISTRO"	centos|rhel|rocky|almalinux	$SUDO yum remove -y docker docker-client docker-client-latest docker-common docker-latest docker-latest-logrotate docker-logrotate docker-engine 2>/dev/null || true	not-run	-
embedded@9062/cleanup_old	19	"$DISTRO"	fedora	$SUDO dnf remove -y docker docker-client docker-client-latest docker-common docker-latest docker-latest-logrotate docker-logrotate docker-selinux docker-engine-selinux docker-engine 2>/dev/null || true	not-run	-
embedded@9062/get_debian_codename	32	"$1"	ubuntu	case "$DISTRO_VERSION" in 24.04) echo noble ;; 23.10) echo mantic ;; 23.04) echo lunar ;; 22.04) echo jammy ;; 20.04) echo focal ;; 18.04) echo bionic ;; *) lsb_release -cs 2>/dev/null || echo jammy ;; esac	not-run	-
embedded@9062/get_debian_codename	32	"$1"	debian|raspbian	case "${DISTRO_VERSION%%.*}" in 13) echo trixie ;; 12) echo bookworm ;; 11) echo bullseye ;; 10) echo buster ;; *) echo bookworm ;; esac	not-run	-
embedded@9062/get_debian_codename	33	"$DISTRO_VERSION"	24.04	echo noble	not-run	-
embedded@9062/get_debian_codename	33	"$DISTRO_VERSION"	23.10	echo mantic	not-run	-
embedded@9062/get_debian_codename	33	"$DISTRO_VERSION"	23.04	echo lunar	not-run	-
embedded@9062/get_debian_codename	33	"$DISTRO_VERSION"	22.04	echo jammy	not-run	-
embedded@9062/get_debian_codename	33	"$DISTRO_VERSION"	20.04	echo focal	not-run	-
embedded@9062/get_debian_codename	33	"$DISTRO_VERSION"	18.04	echo bionic	not-run	-
embedded@9062/get_debian_codename	33	"$DISTRO_VERSION"	*	lsb_release -cs 2>/dev/null || echo jammy	not-run	-
embedded@9062/get_debian_codename	34	"${DISTRO_VERSION%%.*}"	13	echo trixie	not-run	-
embedded@9062/get_debian_codename	34	"${DISTRO_VERSION%%.*}"	12	echo bookworm	not-run	-
embedded@9062/get_debian_codename	34	"${DISTRO_VERSION%%.*}"	11	echo bullseye	not-run	-
embedded@9062/get_debian_codename	34	"${DISTRO_VERSION%%.*}"	10	echo buster	not-run	-
embedded@9062/get_debian_codename	34	"${DISTRO_VERSION%%.*}"	*	echo bookworm	not-run	-
embedded@9062/main	85	"$DISTRO"	ubuntu|debian|raspbian	install_debian	not-run	-
embedded@9062/main	85	"$DISTRO"	centos|rhel|rocky|almalinux	install_rhel	not-run	-
embedded@9062/main	85	"$DISTRO"	fedora	install_fedora	not-run	-
embedded@9062/main	85	"$DISTRO"	*	echo "不支持的系统: $DISTRO"; exit 1	not-run	-
daimon_tcp_build_conf	9526	"$line"	''|\#*	printf '%s\n' "$line" >> "$checked"; continue	not-run	-
daimon_tcp_build_conf	9527	"$line"	*=*		not-run	-
daimon_tcp_build_conf	9527	"$line"	*	printf '%s\n' "$line" >> "$checked"; continue	not-run	-
daimon_tcp_verify_applied	9572	"$line"	''|\#*	continue	not-run	-
daimon_tcp_verify_applied	9573	"$line"	*=*		not-run	-
daimon_tcp_verify_applied	9573	"$line"	*	continue	not-run	-
daimon_tcp_restore	9689	"$key"	net.core.default_qdisc|net.ipv4.tcp_congestion_control	continue	not-run	-
daimon_tcp_ping_rtt	9796	"$host"	*:*	out=$(ping -6 -c 3 -W 2 -i 0.3 "$host" 2>/dev/null)	not-run	-
daimon_tcp_ping_rtt	9796	"$host"	*	out=$(ping -c 3 -W 2 -i 0.3 "$host" 2>/dev/null)	not-run	-
daimon_tcp_public_ips	9874	"$cand"	''|*[!0-9a-fA-F:.]*	continue	not-run	-
daimon_tcp_public_ips	9875	" $out "	*" $cand "*	continue	not-run	-
daimon_tcp_public_ips	9878	"$ipv4_address"	''|*:*|10.*|192.168.*|172.1[6-9].*|172.2[0-9].*|172.3[01].*	cand=$(curl -4 -fsS --connect-timeout 3 --max-time 5 https://ipinfo.io/ip 2>/dev/null) case "$cand" in ''|*[!0-9.]*) ;; *) case " $out " in *" $cand "*) ;; *) out="$cand $out" ;; esac ;; esac	not-run	-
daimon_tcp_public_ips	9881	"$cand"	''|*[!0-9.]*		not-run	-
daimon_tcp_public_ips	9881	"$cand"	*	case " $out " in *" $cand "*) ;; *) out="$cand $out" ;; esac	not-run	-
daimon_tcp_public_ips	9883	" $out "	*" $cand "*		not-run	-
daimon_tcp_public_ips	9883	" $out "	*	out="$cand $out"	not-run	-
daimon_tcp_public_ips	9888	"$cand"	2*|3*		not-run	-
daimon_tcp_public_ips	9888	"$cand"	*	continue	not-run	-
daimon_tcp_public_ips	9889	" $out "	*" $cand "*	continue	not-run	-
daimon_tcp_measure_iperf3	9982	"$cand"	*:*	[ -n "$ip6" ] || ip6=$cand	not-run	-
daimon_tcp_measure_iperf3	9982	"$cand"	*	[ -n "$ip4" ] || ip4=$cand	not-run	-
daimon_tcp_measure_iperf3	9987	"$family"	4	fam_list="4"; [ -n "$ip4" ] || { echo "没有检测到公网 IPv4 地址，未修改配置。"; return 1; }	not-run	-
daimon_tcp_measure_iperf3	9987	"$family"	6	fam_list="6"; [ -n "$ip6" ] || { echo "没有检测到公网 IPv6 地址，未修改配置。"; return 1; }	not-run	-
daimon_tcp_measure_iperf3	9987	"$family"	both	fam_list="4 6" [ -n "$ip4" ] && [ -n "$ip6" ] || { echo "同时优化 IPv4 和 IPv6 需要本机两个地址都可用，未修改配置。"; return 1; }	not-run	-
daimon_tcp_measure_iperf3	9987	"$family"	*	fam_list="4"	not-run	-
daimon_tcp_measure_iperf3	10035	"$peer"	*:*	peer_family=6	not-run	-
daimon_tcp_measure	10166	"$1"	iperf3	daimon_tcp_measure_iperf3 "${2:-4}"	not-run	-
daimon_tcp_measure	10166	"$1"	*	daimon_tcp_measure_tcpquality	not-run	-
daimon_tcp_tune_run	10221	"$family"	6	label="iperf3 IPv6 单线程下载（到本地电脑，最准确）"	not-run	-
daimon_tcp_tune_run	10221	"$family"	both	label="iperf3 IPv4 + IPv6 单线程下载（到本地电脑，最准确）"	not-run	-
daimon_tcp_tune_run	10221	"$family"	*	label="iperf3 IPv4 单线程下载（到本地电脑，最准确）"	not-run	-
daimon_tcp_lab_load	10274	"$tool"	ss	package=iproute2	not-run	-
daimon_tcp_lab_load	10274	"$tool"	flock	package=util-linux	not-run	-
daimon_tcp_lab_load	10274	"$tool"	*	package="$tool"	not-run	-
daimon_tcp_lab_menu_family	10298	"$DAIMON_TCP_LAB_CHOICE"	1	DAIMON_TCP_LAB_FAMILY=4	not-run	-
daimon_tcp_lab_menu_family	10298	"$DAIMON_TCP_LAB_CHOICE"	2	DAIMON_TCP_LAB_FAMILY=6	not-run	-
daimon_tcp_lab_menu_family	10298	"$DAIMON_TCP_LAB_CHOICE"	3	DAIMON_TCP_LAB_FAMILY=both	not-run	-
daimon_tcp_lab_menu_family	10298	"$DAIMON_TCP_LAB_CHOICE"	4	[ "$choice" = tune ] || return 1; DAIMON_TCP_LAB_FAMILY=both	not-run	-
daimon_tcp_lab_menu_family	10298	"$DAIMON_TCP_LAB_CHOICE"	0	return 2	not-run	-
daimon_tcp_lab_menu_family	10298	"$DAIMON_TCP_LAB_CHOICE"	*	echo "无效选择"; return 1	not-run	-
daimon_tcp_tune_menu	10340	"$choice"	1	echo "" echo "1. iperf3 单线程下载（到你的本地电脑，最准确，需要本地客户端）" echo "2. TCPquality 国内三网线路参考（不修改参数）" echo "0. 返回上一级菜单" read -e -p "请选择测速方式: " method || return 1 case "$method" in 1) result=0; daimon_tcp_lab_menu_family tune || result=$? [ "$result" != 	not-run	-
daimon_tcp_tune_menu	10340	"$choice"	2	daimon_tcp_restore	not-run	-
daimon_tcp_tune_menu	10340	"$choice"	3	result=0; daimon_tcp_lab_menu_family test || result=$? [ "$result" != 2 ] || continue [ "$result" = 0 ] || continue daimon_tcp_lab_load || { echo "测速依赖或组件加载失败，未启动测速。"; continue; } daimon_tcp_lab_run test "$DAIMON_TCP_LAB_FAMILY"	not-run	-
daimon_tcp_tune_menu	10340	"$choice"	0	return	not-run	-
daimon_tcp_tune_menu	10340	"$choice"	*	echo "无效的输入!"	not-run	-
daimon_tcp_tune_menu	10347	"$method"	1	result=0; daimon_tcp_lab_menu_family tune || result=$? [ "$result" != 2 ] || continue [ "$result" = 0 ] || continue daimon_tcp_lab_load || { echo "调优依赖或组件加载失败，未启动测速。"; continue; } if [ "$DAIMON_TCP_LAB_CHOICE" = 4 ]; then daimon_tcp_lab_run	not-run	-
daimon_tcp_tune_menu	10347	"$method"	2	echo "TCPquality 公共端点结果仅供线路参考，不据此写入全局 TCP 参数。" daimon_tcp_measure_tcpquality	not-run	-
daimon_tcp_tune_menu	10347	"$method"	0	continue	not-run	-
daimon_tcp_tune_menu	10347	"$method"	*	echo "无效选择"	not-run	-
one_click_config_manager/one_click_config_run_item	10423	"$1"	2	linux_update	menu-real/partial	2026-09-28; 5ca85df; six hosts; actual one-click options 2 and 3 invoke real apt in disposable rootfs; success/failure batch continues to cleanup and execs same PID
one_click_config_manager/one_click_config_run_item	10423	"$1"	3	linux_clean	menu-real/partial	2026-09-28; 5ca85df; six hosts; actual one-click options 2 and 3 invoke real apt in disposable rootfs; success/failure batch continues to cleanup and execs same PID
one_click_config_manager/one_click_config_run_item	10423	"$1"	4	add_swap 1024	not-run	-
one_click_config_manager/one_click_config_run_item	10423	"$1"	5	one_click_auto_dns_optimize	not-run	-
one_click_config_manager/one_click_config_run_item	10423	"$1"	6	one_click_enable_bbr_fq	not-run	-
one_click_config_manager/one_click_config_run_item	10423	"$1"	7	one_click_install_docker_auto	not-run	-
one_click_config_manager/one_click_config_run_item	10423	"$1"	8	one_click_network_auto_optimize	not-run	-
one_click_config_manager/one_click_config_run_item	10423	"$1"	9	linux_tools thirdparty-install-all	not-run	-
one_click_config_manager/one_click_config_run_item	10423	"$1"	10	one_click_set_timezone_locale	not-run	-
one_click_config_manager/one_click_config_run_item	10423	"$1"	*	echo "无效配置编号: $1"; return 1	not-run	-
one_click_config_manager	10497	"$sub_choice"	""|1	one_click_config_run_all; continue	menu-real/partial	2026-09-28; 5ca85df; six hosts; selection 1 with only items 2/3 and direct choices 2/3 tested with real apt; failed update reported, cleanup still runs, batch has no pause and execs same PID; other items not covered here
one_click_config_manager	10497	"$sub_choice"	9	one_click_config_run_all 9; continue	not-run	-
one_click_config_manager	10497	"$sub_choice"	2|3|4|5|6|7|8|10	one_click_config_run_item "$sub_choice" || echo "配置项 $sub_choice 执行失败"	menu-real/partial	2026-09-28; 5ca85df; six hosts; selection 1 with only items 2/3 and direct choices 2/3 tested with real apt; failed update reported, cleanup still runs, batch has no pause and execs same PID; other items not covered here
one_click_config_manager	10497	"$sub_choice"	0	return	menu-real/partial	2026-09-28; 5ca85df; six hosts; real one-click return after update/clean in disposable rootfs
one_click_config_manager	10497	"$sub_choice"	*	echo "无效的输入!"	not-run	-
daimon_user_sudo	10555	"$action"	grant|revoke|delete		not-run	-
daimon_user_sudo	10555	"$action"	*	return 1	not-run	-
create_user_with_sshkey	10711	"$sshkey_vl"	http://*|https://*	fetch_remote_ssh_keys "$sshkey_vl" "$work"	not-run	-
create_user_with_sshkey	10711	"$sshkey_vl"	*	import_sshkey "$sshkey_vl" "$work"	not-run	-
env_menu/add_env_var	10791	"$target"	""|1		not-run	-
env_menu/add_env_var	10791	"$target"	2	file="$profile_file"	not-run	-
env_menu/add_env_var	10791	"$target"	*	echo "写入位置无效，未修改配置。"; return 1	not-run	-
env_menu	10819	"$choice"	1	show_env_vars	menu-real/partial	2575b93/system-tools-real.py; six hosts; isolated owned files and network/mount namespaces; literal exports/new Bash and POSIX shells; delete/repeat; no config sourcing
env_menu	10819	"$choice"	2	add_env_var	menu-real/partial	2575b93/system-tools-real.py; six hosts; isolated owned files and network/mount namespaces; literal exports/new Bash and POSIX shells; delete/repeat; no config sourcing
env_menu	10819	"$choice"	3	delete_env_var	menu-real/partial	2575b93/system-tools-real.py; six hosts; isolated owned files and network/mount namespaces; literal exports/new Bash and POSIX shells; delete/repeat; no config sourcing
env_menu	10819	"$choice"	0	return	not-run	-
env_menu	10819	"$choice"	*	echo "无效的输入!"	not-run	-
github_proxy_manager	10943	"$choice"	1	github_proxy_add_source	menu-real/partial	2575b93/system-tools-real.py; six hosts; isolated owned files and network/mount namespaces; real loopback HTTP complete/truncated; source preservation and literal names
github_proxy_manager	10943	"$choice"	2	github_proxy_delete_source	menu-real/partial	2575b93/system-tools-real.py; six hosts; isolated owned files and network/mount namespaces; real loopback HTTP complete/truncated; source preservation and literal names
github_proxy_manager	10943	"$choice"	3	github_proxy_speed_test	menu-real/partial	2575b93/system-tools-real.py; six hosts; isolated owned files and network/mount namespaces; real loopback HTTP complete/truncated; source preservation and literal names
github_proxy_manager	10943	"$choice"	0	return	not-run	-
github_proxy_manager	10943	"$choice"	*	echo "无效的输入!"	not-run	-
net_menu	11014	"$choice"	1	read -e -p "请输入网卡名: " nic || return 1; [ -n "$nic" ] && ip link set "$nic" up	handler-real/partial	2575b93/system-tools-real.py; six hosts; isolated owned files and network/mount namespaces; net_menu only; real private loopback up/down/inspect/refresh; no physical interface changes
net_menu	11014	"$choice"	2	read -e -p "请输入网卡名: " nic || return 1; [ -n "$nic" ] && ip link set "$nic" down	handler-real/partial	2575b93/system-tools-real.py; six hosts; isolated owned files and network/mount namespaces; net_menu only; real private loopback up/down/inspect/refresh; no physical interface changes
net_menu	11014	"$choice"	3	read -e -p "请输入网卡名: " nic || return 1; [ -n "$nic" ] && { ip addr show "$nic"; echo; ethtool "$nic" 2>/dev/null || true; }	handler-real/partial	2575b93/system-tools-real.py; six hosts; isolated owned files and network/mount namespaces; net_menu only; real private loopback up/down/inspect/refresh; no physical interface changes
net_menu	11014	"$choice"	4	continue	handler-real/partial	2575b93/system-tools-real.py; six hosts; isolated owned files and network/mount namespaces; net_menu only; real private loopback up/down/inspect/refresh; no physical interface changes
net_menu	11014	"$choice"	0	return	not-run	-
net_menu	11014	"$choice"	*	echo "无效的输入!"	not-run	-
daimon_journal_size_valid	11030	"${BASH_REMATCH[2]}"	K	shifts=1	not-run	-
daimon_journal_size_valid	11030	"${BASH_REMATCH[2]}"	M	shifts=2	not-run	-
daimon_journal_size_valid	11030	"${BASH_REMATCH[2]}"	G	shifts=3	not-run	-
daimon_journal_size_valid	11030	"${BASH_REMATCH[2]}"	T	shifts=4	not-run	-
daimon_journal_size_valid	11030	"${BASH_REMATCH[2]}"	P	shifts=5	not-run	-
daimon_journal_size_valid	11030	"${BASH_REMATCH[2]}"	E	shifts=6	not-run	-
journalctl_log_manager	11115	"$choice"	1	local system_max_use system_keep_free system_max_file_size max_retention_sec echo "收紧日志限制可能清理旧日志；恢复配置不能找回已删除的日志。" read -e -p "SystemMaxUse 最大总占用（默认 500M）: " system_max_use || return 1 system_max_use=${system_max_use:-500M} read -e -p "Syste	menu-real-vm/partial	c6c215b; same two Ubuntu22.04ARM64/Debian13AMD64 VMs; actual main5->14 options1-5, native journal configuration/restart/vacuum/log query, repeat/defaults/EOF/invalid/immutable/symlink/mask/lock/inactive handling; no production journald restart
journalctl_log_manager	11115	"$choice"	2	journalctl --disk-usage	menu-real-vm/partial	c6c215b; same two Ubuntu22.04ARM64/Debian13AMD64 VMs; actual main5->14 options1-5, native journal configuration/restart/vacuum/log query, repeat/defaults/EOF/invalid/immutable/symlink/mask/lock/inactive handling; no production journald restart
journalctl_log_manager	11115	"$choice"	3	read -e -p "请输入服务名（可不带 .service）: " svc || return 1; [ -z "$svc" ] && continue; [[ "$svc" != *.service ]] && svc="$svc.service"; journalctl -u "$svc" -n 200 --no-pager	menu-real-vm/partial	c6c215b; same two Ubuntu22.04ARM64/Debian13AMD64 VMs; actual main5->14 options1-5, native journal configuration/restart/vacuum/log query, repeat/defaults/EOF/invalid/immutable/symlink/mask/lock/inactive handling; no production journald restart
journalctl_log_manager	11115	"$choice"	4	read -e -p "保留时间（默认 7d）: " t || return 1; journalctl --vacuum-time="${t:-7d}"	menu-real-vm/partial	c6c215b; same two Ubuntu22.04ARM64/Debian13AMD64 VMs; actual main5->14 options1-5, native journal configuration/restart/vacuum/log query, repeat/defaults/EOF/invalid/immutable/symlink/mask/lock/inactive handling; no production journald restart
journalctl_log_manager	11115	"$choice"	5	read -e -p "保留大小（默认 500M）: " z || return 1; journalctl --vacuum-size="${z:-500M}"	menu-real-vm/partial	c6c215b; same two Ubuntu22.04ARM64/Debian13AMD64 VMs; actual main5->14 options1-5, native journal configuration/restart/vacuum/log query, repeat/defaults/EOF/invalid/immutable/symlink/mask/lock/inactive handling; no production journald restart
journalctl_log_manager	11115	"$choice"	0	return	not-run	-
journalctl_log_manager	11115	"$choice"	*	echo "无效的输入!"	not-run	-
cpcat_manager	11377	"$cpcat_choice"	1	local tmp_file touch "$bashrc_file" tmp_file=$(mktemp) awk '/^# ========== cpcat clipboard setup ==========$/ {skip=1; next} /^[[:space:]]*# ========== end cpcat clipboard setup ==========$/ {skip=0; next} !skip {print}' "$bashrc_file" > "$	not-run	-
cpcat_manager	11377	"$cpcat_choice"	2	[ -f "$bashrc_file" ] || { echo "~/.bashrc 不存在"; break_end; continue; } local tmp_file tmp_file=$(mktemp) awk '/^# ========== cpcat clipboard setup ==========$/ {skip=1; next} /^[[:space:]]*# ========== end cpcat clipboard setup ==========$	not-run	-
cpcat_manager	11377	"$cpcat_choice"	0	return	not-run	-
cpcat_manager	11377	"$cpcat_choice"	*	echo "无效的输入!"	not-run	-
daimon_set_hostname/cleanup_hostname	11474	"$staged"	"${host_file%/*}"/.daimon-hostname.*	rm -rf -- "$staged"	not-run	-
daimon_set_shortcut	11545	"$path"	/usr/local/bin/d|/usr/bin/d|"/usr/local/bin/$name"|"/usr/bin/$name"	continue	not-run	-
daimon_uninstall_toolbox	11565	"$target"	/usr/local/bin/d|"$DAIMON_LOCAL_SCRIPT"|"$DAIMON_OLD_LOCAL_SCRIPT"		not-run	-
daimon_uninstall_toolbox	11565	"$target"	*	echo "拒绝删除非工具箱链接: $path"; return 1	not-run	-
daimon_uninstall_toolbox	11573	"$target"	/usr/local/bin/d|"$DAIMON_LOCAL_SCRIPT"|"$DAIMON_OLD_LOCAL_SCRIPT"	links+=("$path")	not-run	-
linux_Settings	11604	"$sub_choice"	1	while true; do clear read -e -p "请输入你的快捷按键（默认 d，输入0退出）: " kuaijiejian || return 1 kuaijiejian=${kuaijiejian:-d} [ "$kuaijiejian" = "0" ] && break if ! daimon_shortcut_available "$kuaijiejian"; then echo "快捷键无效或与现有命令冲突，未修改任何文件。" break_end; c	menu-real/partial	2575b93/system-tools-real.py; six hosts; isolated owned files and network/mount namespaces; shortcut create/repeat/cancel/conflict; real read-only second target failure preserves old aliases
linux_Settings	11604	"$sub_choice"	2	root_use send_stats "更换系统软件包镜像源" clear echo "更换系统软件包镜像源" echo "下载并校验后执行 LinuxMirrors 脚本；下载失败时不会执行部分内容。" daimon_run_cached_script "https://linuxmirrors.cn/main.sh" "linuxmirrors-main.sh"	menu-real/partial	de698a1/mirror-real.py; six native official disposable rootfs; actual main 5/2 LinuxMirrors download/cache/source rewrite/index verification/repeat; no backup or package upgrade; official HTTPS only
linux_Settings	11604	"$sub_choice"	3	set_dns_ui	menu-real/partial	83f02b2/system-tools-real.py + dns-editor-real.py; all six; actual optimized IPv4 fallback, manual Vim editing and system manager restore; IPv6-only/public DNS not fully verified
linux_Settings	11604	"$sub_choice"	4	root_use send_stats "设置v4/v6优先级" while true; do clear echo "设置v4/v6优先级" echo "------------------------" if grep -Eq '^\s*precedence\s+::ffff:0:0/96\s+100\s*$' /etc/gai.conf 2>/dev/null; then echo -e "当前网络优先级设置: ${gl_huang}IPv4${gl_bai} 优先" 	menu-real/partial	2575b93/system-tools-real.py; six hosts; isolated owned files and network/mount namespaces; preference 1/2, preserved custom policy; real dual-stack glibc ordering; external repair tool not run
linux_Settings	11604	"$sub_choice"	5	root_use send_stats "设置虚拟内存" while true; do clear echo "设置虚拟内存" local swap_used swap_total swap_info swap_used=$(free -m | awk 'NR==3{print $3}') swap_total=$(free -m | awk 'NR==3{print $2}') swap_info=$(free -m | awk 'NR==3{used=$3; total=	menu-real/partial	38629fc; Ubuntu22.04 ARM64/Debian13 AMD64 two VMs, actual swap submenu1-5 and reboot; no production swap mutation
linux_Settings	11604	"$sub_choice"	6	while true; do root_use send_stats "用户管理" clear echo "用户列表" echo "----------------------------------------------------------------------------" printf "%-24s %-34s %-20s %-10s\n" "用户名" "用户目录" "用户组" "sudo规则" while IFS=: read -r username _ us	menu-real/partial	f6c1d2c/user-management-real.py; six native rootfs; actual user submenu1-5 with guarded homes, true key logins, sudo and deletion; unknown-policy handling verified separately; native policy-read error displays Unknown and blocks deletion
linux_Settings	11604	"$sub_choice"	7	root_use send_stats "换时区" while true; do clear echo "系统时间信息" local timezone current_time timezone=$(current_timezone) current_time=$(date +"%Y-%m-%d %H:%M:%S") echo "当前系统时区：$timezone" echo "当前系统时间：$current_time" echo "" echo "时区切换" echo "--	menu-real/partial	2575b93/timezone-real.py; all 22 choices on six hosts; private D-Bus and native timedated, CAP_SYS_TIME removed; real config and libc offset; no host timezone/service changes
linux_Settings	11604	"$sub_choice"	8	root_use send_stats "修改主机名" while true; do clear local current_hostname new_hostname current_hostname=$(uname -n) echo -e "当前主机名: ${gl_huang}$current_hostname${gl_bai}" echo "------------------------" read -e -p "请输入新的主机名（输入0退出）: " new_host	menu-real/partial	2575b93/system-tools-real.py; six hosts; isolated owned files and network/mount namespaces; native UTS hostname update/aliases, invalid/cancel; no live host rename
linux_Settings	11604	"$sub_choice"	9	root_use send_stats "本地host解析" while true; do clear echo "本机host解析列表" echo "如果你在这里添加解析匹配，将不再使用动态解析了" cat /etc/hosts echo "" echo "操作" echo "------------------------" echo "1. 添加新的解析 2. 删除解析地址" echo "------------------------" echo "0. 返回上一级选	menu-real/partial	2575b93/system-tools-real.py; six hosts; isolated owned files and network/mount namespaces; hosts add/repeat/literal delete/resolve
linux_Settings	11604	"$sub_choice"	10	clear; env_menu	menu-real/partial	2575b93/system-tools-real.py; six hosts; isolated owned files and network/mount namespaces; literal env values, separate Bash/POSIX shells, show/delete/repeat; typed-variable failure cases are regressions
linux_Settings	11604	"$sub_choice"	11	github_proxy_manager	menu-real/partial	2575b93/system-tools-real.py; six hosts; isolated owned files and network/mount namespaces; proxy source add/repeat/delete/invalid; real complete and truncated loopback HTTP
linux_Settings	11604	"$sub_choice"	12	show_ssh_ip_info; break_end	menu-real/partial	2575b93/system-tools-real.py; six hosts; isolated owned files and network/mount namespaces; actual SSH connection info
linux_Settings	11604	"$sub_choice"	13	clear; net_menu	not-run	-
linux_Settings	11604	"$sub_choice"	14	journalctl_log_manager	menu-real-vm/partial	c6c215b; same two Ubuntu22.04ARM64/Debian13AMD64 VMs; actual main5->14 options1-5, native journal configuration/restart/vacuum/log query, repeat/defaults/EOF/invalid/immutable/symlink/mask/lock/inactive handling; no production journald restart
linux_Settings	11604	"$sub_choice"	15	system_network_auto_optimize	not-run	-
linux_Settings	11604	"$sub_choice"	16	clear; system_disable_ipv6; break_end	menu-real-vm/persistence-scoped	141ccdb; Debian13AMD64 and Ubuntu22.04ARM64 rebuilt authorized VMs; full menu disable/reboot/enable/reboot, flags and nonDocker IPv4 addresses/routes plus original network files verified; Docker/config restored; dynamic networkd profiles only; first f34 fixture failure retained
linux_Settings	11604	"$sub_choice"	17	clear; system_enable_ipv6; break_end	menu-real-vm/persistence-scoped	141ccdb; Debian13AMD64 and Ubuntu22.04ARM64 rebuilt authorized VMs; full menu disable/reboot/enable/reboot, flags and nonDocker IPv4 addresses/routes plus original network files verified; Docker/config restored; dynamic networkd profiles only; first f34 fixture failure retained
linux_Settings	11604	"$sub_choice"	18	clear; linux_language	menu-real/partial	c5ef2b5 Japan/DMIT + f6c1d2c other four; actual native locale submenu1-9 with generation and config preservation; no host locale changes
linux_Settings	11604	"$sub_choice"	19	docker_mirror_speed_test_menu	not-run	-
linux_Settings	11604	"$sub_choice"	20	clear send_stats "卸载daimon脚本" echo "卸载daimon脚本" echo "------------------------------------------------" echo "删除工具箱主脚本及其快捷键；保留已安装服务、辅助脚本和定时任务。" read -e -p "确定继续吗？(Y/N): " choice || return 1 case "$choice" in [Yy]) clear daimon_uninstall_too	menu-real/partial	cac885b/uninstall-real.py;11checks on six native hosts in private bin OverlayFS/root/crontab spool; actual UID65534 refusal, menu5->20 cancel/EOF/invalid/uninstall/repeat, foreign objects/immutable failure and retry; all cron/auxiliary jobs retained; no production uninstall
linux_Settings	11604	"$sub_choice"	0	return	not-run	-
linux_Settings	11604	"$sub_choice"	*	echo "无效的输入!"	not-run	-
linux_Settings	11653	"$choice"	1	prefer_ipv4	menu-real/partial	2575b93/system-tools-real.py; six hosts; isolated owned files and network/mount namespaces; real glibc address ordering with reachable private dual-stack routes
linux_Settings	11653	"$choice"	2	prefer_ipv6	menu-real/partial	2575b93/system-tools-real.py; six hosts; isolated owned files and network/mount namespaces; real glibc address ordering with reachable private dual-stack routes
linux_Settings	11653	"$choice"	3	clear; daimon_run_cached_script "https://jhb.ovh/jb/v6.sh" "jhb-v6.sh"; echo "该功能由jhb大神提供，感谢他！"; send_stats "ipv6修复"	not-run	-
linux_Settings	11653	"$choice"	0	break	not-run	-
linux_Settings	11653	"$choice"	*	echo "无效的输入!"	not-run	-
linux_Settings	11681	"$choice"	1	send_stats "已设置1G虚拟内存"; add_swap 1024	menu-real-vm/partial	38629fc; exactly Ubuntu22.04 ARM64 and Debian13 AMD64 owned VMs; actual swapon/swapoff, 1024/2048/4096/custom64, cancel/EOF/invalid/repeat, lock/capability/immutable rollback, other swap and reboot persistence; not host swap tests
linux_Settings	11681	"$choice"	2	send_stats "已设置2G虚拟内存"; add_swap 2048	menu-real-vm/partial	38629fc; exactly Ubuntu22.04 ARM64 and Debian13 AMD64 owned VMs; actual swapon/swapoff, 1024/2048/4096/custom64, cancel/EOF/invalid/repeat, lock/capability/immutable rollback, other swap and reboot persistence; not host swap tests
linux_Settings	11681	"$choice"	3	send_stats "已设置4G虚拟内存"; add_swap 4096	menu-real-vm/partial	38629fc; exactly Ubuntu22.04 ARM64 and Debian13 AMD64 owned VMs; actual swapon/swapoff, 1024/2048/4096/custom64, cancel/EOF/invalid/repeat, lock/capability/immutable rollback, other swap and reboot persistence; not host swap tests
linux_Settings	11681	"$choice"	4	read -e -p "请输入虚拟内存大小（单位M）: " new_swap || return 1; [ -n "$new_swap" ] && add_swap "$new_swap"; send_stats "已设置自定义虚拟内存"	menu-real-vm/partial	38629fc; exactly Ubuntu22.04 ARM64 and Debian13 AMD64 owned VMs; actual swapon/swapoff, 1024/2048/4096/custom64, cancel/EOF/invalid/repeat, lock/capability/immutable rollback, other swap and reboot persistence; not host swap tests
linux_Settings	11681	"$choice"	5	send_stats "删除虚拟内存"; delete_swap	menu-real-vm/partial	38629fc; exactly Ubuntu22.04 ARM64 and Debian13 AMD64 owned VMs; actual swapon/swapoff, 1024/2048/4096/custom64, cancel/EOF/invalid/repeat, lock/capability/immutable rollback, other swap and reboot persistence; not host swap tests
linux_Settings	11681	"$choice"	0	break	not-run	-
linux_Settings	11681	"$choice"	*	echo "无效的输入!"	not-run	-
linux_Settings	11728	"$choice"	1	read -e -p "请输入新用户名: " new_username || return 1; [ -n "$new_username" ] && create_user_with_sshkey "$new_username" false	menu-real/partial	f6c1d2c/user-management-real.py; six native official rootfs; actual menu1-5, useradd/userdel/sudo and sshd key logins; URL normal/redirect/partial/503/invalid/empty, custom/shared/symlink/mounted homes, busy deletion rollback, cancel/EOF/repeat; no production accounts changed; native policy-read error displays Unknown and blocks deletion
linux_Settings	11728	"$choice"	2	read -e -p "请输入新用户名: " new_username || return 1; [ -n "$new_username" ] && create_user_with_sshkey "$new_username" true	menu-real/partial	f6c1d2c/user-management-real.py; six native official rootfs; actual menu1-5, useradd/userdel/sudo and sshd key logins; URL normal/redirect/partial/503/invalid/empty, custom/shared/symlink/mounted homes, busy deletion rollback, cancel/EOF/repeat; no production accounts changed; native policy-read error displays Unknown and blocks deletion
linux_Settings	11728	"$choice"	3	read -e -p "请输入用户名: " username || return 1; daimon_user_sudo grant "$username"	menu-real/partial	f6c1d2c/user-management-real.py; six native official rootfs; actual menu1-5, useradd/userdel/sudo and sshd key logins; URL normal/redirect/partial/503/invalid/empty, custom/shared/symlink/mounted homes, busy deletion rollback, cancel/EOF/repeat; no production accounts changed; native policy-read error displays Unknown and blocks deletion
linux_Settings	11728	"$choice"	4	read -e -p "请输入用户名: " username || return 1; daimon_user_sudo revoke "$username"	menu-real/partial	f6c1d2c/user-management-real.py; six native official rootfs; actual menu1-5, useradd/userdel/sudo and sshd key logins; URL normal/redirect/partial/503/invalid/empty, custom/shared/symlink/mounted homes, busy deletion rollback, cancel/EOF/repeat; no production accounts changed; native policy-read error displays Unknown and blocks deletion
linux_Settings	11728	"$choice"	5	read -e -p "请输入要删除的用户名: " username || return 1 if ! daimon_regular_user_valid "$username" || [ "$username" = "${SUDO_USER:-${USER:-}}" ]; then echo "不能删除系统账号、不存在的账号或当前登录账号。" else read -e -p "再次输入用户名确认删除账号及其主目录: " confirm_user || return 1 [ 	menu-real/partial	f6c1d2c/user-management-real.py; six native official rootfs; actual menu1-5, useradd/userdel/sudo and sshd key logins; URL normal/redirect/partial/503/invalid/empty, custom/shared/symlink/mounted homes, busy deletion rollback, cancel/EOF/repeat; no production accounts changed; native policy-read error displays Unknown and blocks deletion
linux_Settings	11728	"$choice"	0	break	not-run	-
linux_Settings	11728	"$choice"	*	echo "无效的输入!"	not-run	-
linux_Settings	11784	"$choice"	1	set_timedate Asia/Shanghai	menu-real/partial	2575b93/timezone-real.py; six hosts; actual 5/7/1; native timedatectl/timedated private D-Bus; symlink and libc offset matched
linux_Settings	11784	"$choice"	2	set_timedate Asia/Hong_Kong	menu-real/partial	2575b93/timezone-real.py; six hosts; actual 5/7/2; native timedatectl/timedated private D-Bus; symlink and libc offset matched
linux_Settings	11784	"$choice"	3	set_timedate Asia/Tokyo	menu-real/partial	2575b93/timezone-real.py; six hosts; actual 5/7/3; native timedatectl/timedated private D-Bus; symlink and libc offset matched
linux_Settings	11784	"$choice"	4	set_timedate Asia/Seoul	menu-real/partial	2575b93/timezone-real.py; six hosts; actual 5/7/4; native timedatectl/timedated private D-Bus; symlink and libc offset matched
linux_Settings	11784	"$choice"	5	set_timedate Asia/Singapore	menu-real/partial	2575b93/timezone-real.py; six hosts; actual 5/7/5; native timedatectl/timedated private D-Bus; symlink and libc offset matched
linux_Settings	11784	"$choice"	6	set_timedate Asia/Kolkata	menu-real/partial	2575b93/timezone-real.py; six hosts; actual 5/7/6; native timedatectl/timedated private D-Bus; symlink and libc offset matched
linux_Settings	11784	"$choice"	7	set_timedate Asia/Dubai	menu-real/partial	2575b93/timezone-real.py; six hosts; actual 5/7/7; native timedatectl/timedated private D-Bus; symlink and libc offset matched
linux_Settings	11784	"$choice"	8	set_timedate Australia/Sydney	menu-real/partial	2575b93/timezone-real.py; six hosts; actual 5/7/8; native timedatectl/timedated private D-Bus; symlink and libc offset matched
linux_Settings	11784	"$choice"	9	set_timedate Asia/Bangkok	menu-real/partial	2575b93/timezone-real.py; six hosts; actual 5/7/9; native timedatectl/timedated private D-Bus; symlink and libc offset matched
linux_Settings	11784	"$choice"	11	set_timedate Europe/London	menu-real/partial	2575b93/timezone-real.py; six hosts; actual 5/7/11; native timedatectl/timedated private D-Bus; symlink and libc offset matched
linux_Settings	11784	"$choice"	12	set_timedate Europe/Paris	menu-real/partial	2575b93/timezone-real.py; six hosts; actual 5/7/12; native timedatectl/timedated private D-Bus; symlink and libc offset matched
linux_Settings	11784	"$choice"	13	set_timedate Europe/Berlin	menu-real/partial	2575b93/timezone-real.py; six hosts; actual 5/7/13; native timedatectl/timedated private D-Bus; symlink and libc offset matched
linux_Settings	11784	"$choice"	14	set_timedate Europe/Moscow	menu-real/partial	2575b93/timezone-real.py; six hosts; actual 5/7/14; native timedatectl/timedated private D-Bus; symlink and libc offset matched
linux_Settings	11784	"$choice"	15	set_timedate Europe/Amsterdam	menu-real/partial	2575b93/timezone-real.py; six hosts; actual 5/7/15; native timedatectl/timedated private D-Bus; symlink and libc offset matched
linux_Settings	11784	"$choice"	16	set_timedate Europe/Madrid	menu-real/partial	2575b93/timezone-real.py; six hosts; actual 5/7/16; native timedatectl/timedated private D-Bus; symlink and libc offset matched
linux_Settings	11784	"$choice"	21	set_timedate America/Los_Angeles	menu-real/partial	2575b93/timezone-real.py; six hosts; actual 5/7/21; native timedatectl/timedated private D-Bus; symlink and libc offset matched
linux_Settings	11784	"$choice"	22	set_timedate America/New_York	menu-real/partial	2575b93/timezone-real.py; six hosts; actual 5/7/22; native timedatectl/timedated private D-Bus; symlink and libc offset matched
linux_Settings	11784	"$choice"	23	set_timedate America/Vancouver	menu-real/partial	2575b93/timezone-real.py; six hosts; actual 5/7/23; native timedatectl/timedated private D-Bus; symlink and libc offset matched
linux_Settings	11784	"$choice"	24	set_timedate America/Mexico_City	menu-real/partial	2575b93/timezone-real.py; six hosts; actual 5/7/24; native timedatectl/timedated private D-Bus; symlink and libc offset matched
linux_Settings	11784	"$choice"	25	set_timedate America/Sao_Paulo	menu-real/partial	2575b93/timezone-real.py; six hosts; actual 5/7/25; native timedatectl/timedated private D-Bus; symlink and libc offset matched
linux_Settings	11784	"$choice"	26	set_timedate America/Argentina/Buenos_Aires	menu-real/partial	2575b93/timezone-real.py; six hosts; actual 5/7/26; native timedatectl/timedated private D-Bus; symlink and libc offset matched
linux_Settings	11784	"$choice"	31	set_timedate UTC	menu-real/partial	2575b93/timezone-real.py; six hosts; actual 5/7/31; native timedatectl/timedated private D-Bus; symlink and libc offset matched
linux_Settings	11784	"$choice"	0	break	not-run	-
linux_Settings	11784	"$choice"	*	echo "无效的输入!"	not-run	-
linux_Settings	11847	"$host_dns"	1	read -r -e -p "请输入新的解析记录 格式: 110.25.5.33 example.com : " addhost || return 1; [ -n "$addhost" ] && daimon_hosts_edit add "$addhost" && send_stats "本地host解析新增"	menu-real/partial	2575b93/system-tools-real.py; six hosts; isolated owned files and network/mount namespaces; real hosts edit/getent, duplicate and literal-regex rejection
linux_Settings	11847	"$host_dns"	2	read -r -e -p "请输入需要删除的解析内容关键字（按字面匹配）: " delhost || return 1; [ -n "$delhost" ] && daimon_hosts_edit delete "$delhost" && send_stats "本地host解析删除"	menu-real/partial	2575b93/system-tools-real.py; six hosts; isolated owned files and network/mount namespaces; real hosts edit/getent, duplicate and literal-regex rejection
linux_Settings	11847	"$host_dns"	0	break	not-run	-
linux_Settings	11847	"$host_dns"	*	echo "无效的输入!"	not-run	-
linux_Settings	11873	"$choice"	[Yy]	clear daimon_uninstall_toolbox || { break_end; continue; } echo "脚本已卸载，再见！" break_end clear exit	menu-real/partial	cac885b/uninstall-real.py;11checks on six native hosts in private bin OverlayFS/root/crontab spool; actual UID65534 refusal, menu5->20 cancel/EOF/invalid/uninstall/repeat, foreign objects/immutable failure and retry; all cron/auxiliary jobs retained; no production uninstall
linux_Settings	11873	"$choice"	[Nn]	echo "已取消"	not-run	-
linux_Settings	11873	"$choice"	*	echo "无效的选择，请输入 Y 或 N。"	not-run	-
linux_tools/install_fzf_release	12113	"$(uname -m)"	x86_64|amd64	arch=amd64	not-run	-
linux_tools/install_fzf_release	12113	"$(uname -m)"	aarch64|arm64	arch=arm64	not-run	-
linux_tools/install_fzf_release	12113	"$(uname -m)"	*	echo "不支持的 fzf 架构: $(uname -m)"; return 1	not-run	-
linux_tools/configure_starship	12264	"$(uname -m)"	x86_64|amd64	starship_arch="x86_64"	not-run	-
linux_tools/configure_starship	12264	"$(uname -m)"	aarch64|arm64	starship_arch="aarch64"	not-run	-
linux_tools/configure_starship	12264	"$(uname -m)"	i686|i386	starship_arch="i686"	not-run	-
linux_tools/configure_starship	12264	"$(uname -m)"	*	starship_arch=""	not-run	-
linux_tools/tool_installed	13124	"$id"	vim	command -v vim >/dev/null 2>&1 && grep -qxF 'export EDITOR=vim' "$HOME/.bashrc" 2>/dev/null && grep -qxF 'export VISUAL=vim' "$HOME/.bashrc" 2>/dev/null	not-run	-
linux_tools/tool_installed	13124	"$id"	cpcat	grep -q '^# ========== cpcat clipboard setup ==========$' "$HOME/.bashrc" 2>/dev/null	not-run	-
linux_tools/tool_installed	13124	"$id"	ctrld	grep -q '^# ==================== Ctrl+D 改为删除下一个单词 ====================$' "$HOME/.bashrc" 2>/dev/null || grep -q '^bind '\''"\\C-d": kill-word'\''$' "$HOME/.bashrc" 2>/dev/null	not-run	-
linux_tools/tool_installed	13124	"$id"	starship	command -v starship >/dev/null 2>&1 && [ -f "$HOME/.config/starship.toml" ]	not-run	-
linux_tools/tool_installed	13124	"$id"	bat	(command -v batcat >/dev/null 2>&1 || command -v bat >/dev/null 2>&1) && [ -f "$HOME/.bat.sh" ] && grep -q '^# ========== bat 终端着色增强 ==========$' "$HOME/.bashrc" 2>/dev/null	not-run	-
linux_tools/tool_installed	13124	"$id"	ripgrep	command -v rg >/dev/null 2>&1	not-run	-
linux_tools/tool_installed	13124	"$id"	fd	command -v fd >/dev/null 2>&1 || (command -v fdfind >/dev/null 2>&1 && grep -Eq "^alias fd=('fdfind'|\"fdfind\"|fdfind)$" "$HOME/.bashrc" 2>/dev/null)	not-run	-
linux_tools/tool_installed	13124	"$id"	fzf	[ -x "$DAIMON_FZF_DIR/bin/fzf" ] && grep -q '^# ========== fzf 核心配置 ==========$' "$HOME/.bashrc" 2>/dev/null	not-run	-
linux_tools/tool_installed	13124	"$id"	blesh	[ -f "$HOME/.local/share/blesh/ble.sh" ] && grep -q '^# ========== ble.sh setup ==========$' "$HOME/.bashrc" 2>/dev/null	not-run	-
linux_tools/tool_installed	13124	"$id"	python	python_312_is_default	not-run	-
linux_tools/tool_installed	13124	"$id"	npm	command -v npm >/dev/null 2>&1	not-run	-
linux_tools/tool_installed	13124	"$id"	nodejs	command -v node >/dev/null 2>&1	not-run	-
linux_tools/tool_installed	13124	"$id"	iptables-persistent	command -v netfilter-persistent >/dev/null 2>&1 || dpkg -s iptables-persistent >/dev/null 2>&1	not-run	-
linux_tools/tool_installed	13124	"$id"	firewalld	command -v firewall-cmd >/dev/null 2>&1	not-run	-
linux_tools/tool_installed	13124	"$id"	claude	command -v claude >/dev/null 2>&1 && [ -f "$HOME/.claude/settings.json" ]	not-run	-
linux_tools/tool_installed	13124	"$id"	codex	command -v codex >/dev/null 2>&1 && [ -f "$HOME/.codex/config.toml" ]	not-run	-
linux_tools/tool_installed	13124	"$id"	*	command -v "$id" >/dev/null 2>&1	not-run	-
linux_tools/install_tool_by_id	13161	"$id"	vim	if tool_installed vim || command -v vim >/dev/null 2>&1; then echo "vim 已安装，正在检查并设置默认编辑器..." else install vim || return 1 fi configure_vim_editor vim --version 2>/dev/null | head -n 1 || true	not-run	-
linux_tools/install_tool_by_id	13161	"$id"	cpcat	configure_cpcat	not-run	-
linux_tools/install_tool_by_id	13161	"$id"	ctrld	configure_ctrld	not-run	-
linux_tools/install_tool_by_id	13161	"$id"	starship	configure_starship	not-run	-
linux_tools/install_tool_by_id	13161	"$id"	bat	configure_bat_terminal	not-run	-
linux_tools/install_tool_by_id	13161	"$id"	ripgrep	install ripgrep || return 1 rg --version 2>/dev/null | head -n 1 || true	not-run	-
linux_tools/install_tool_by_id	13161	"$id"	fd	install fd-find || return 1 configure_fd_alias fd --version 2>/dev/null || fdfind --version 2>/dev/null || true	not-run	-
linux_tools/install_tool_by_id	13161	"$id"	fzf	configure_fzf	not-run	-
linux_tools/install_tool_by_id	13161	"$id"	blesh	configure_blesh	not-run	-
linux_tools/install_tool_by_id	13161	"$id"	python	install_python_312	not-run	-
linux_tools/install_tool_by_id	13161	"$id"	npm|nodejs	install_nvm_lts_auto	not-run	-
linux_tools/install_tool_by_id	13161	"$id"	bun	if tool_installed bun; then bun --version else install curl unzip || return 1 daimon_run_cached_script "https://bun.sh/install" "bun-install.sh" || return 1 export BUN_INSTALL="${BUN_INSTALL:-$HOME/.bun}" export PATH="$BUN_INSTALL/bin:$PATH	not-run	-
linux_tools/install_tool_by_id	13161	"$id"	uv	if tool_installed uv; then uv --version else install curl || return 1 daimon_run_cached_script "https://astral.sh/uv/install.sh" "uv-install.sh" || return 1 export PATH="$HOME/.local/bin:$PATH" reload_shell_configs_safely uv --version 2>/de	not-run	-
linux_tools/install_tool_by_id	13161	"$id"	iptables-persistent	if command -v apt >/dev/null 2>&1; then DEBIAN_FRONTEND=noninteractive apt update -y && DEBIAN_FRONTEND=noninteractive apt install -y iptables-persistent elif command -v dnf >/dev/null 2>&1; then dnf install -y iptables-services elif comman	not-run	-
linux_tools/install_tool_by_id	13161	"$id"	ufw	install ufw ufw status 2>/dev/null || true	not-run	-
linux_tools/install_tool_by_id	13161	"$id"	firewalld	install firewalld systemctl enable firewalld >/dev/null 2>&1 || true systemctl start firewalld >/dev/null 2>&1 || true firewall-cmd --state 2>/dev/null || true	not-run	-
linux_tools/install_tool_by_id	13161	"$id"	yazi	install_yazi_griffo	not-run	-
linux_tools/install_tool_by_id	13161	"$id"	nexttrace	install_nexttrace	not-run	-
linux_tools/install_tool_by_id	13161	"$id"	git|curl|tree|wget|sudo|socat|htop|iftop|unzip|tar|tmux|ffmpeg|btop|ncdu|iperf3	install "$id" || return 1 command -v "$id" >/dev/null 2>&1 && "$id" --version 2>/dev/null | head -n 1 || true	not-run	-
linux_tools/install_tool_by_id	13161	"$id"	fail2ban	install fail2ban systemctl enable fail2ban >/dev/null 2>&1 || true systemctl start fail2ban >/dev/null 2>&1 || true fail2ban-client status 2>/dev/null || true	not-run	-
linux_tools/install_tool_by_id	13161	"$id"	claude	install_claude_code_auto	not-run	-
linux_tools/install_tool_by_id	13161	"$id"	codex	install_codex_cli	not-run	-
linux_tools/install_tool_by_id	13161	"$id"	*	echo "未知工具: $id"	not-run	-
linux_tools/remove_tool_by_id	13276	"$id"	vim	remove_vim_editor_config; remove vim	not-run	-
linux_tools/remove_tool_by_id	13276	"$id"	cpcat	remove_cpcat_config; reload_bashrc_safely; echo "已删除 cpcat 配置"	not-run	-
linux_tools/remove_tool_by_id	13276	"$id"	ctrld	remove_ctrld_config; reload_bashrc_safely; echo "已删除 Ctrl+D 绑定"	not-run	-
linux_tools/remove_tool_by_id	13276	"$id"	starship	remove_starship_all	not-run	-
linux_tools/remove_tool_by_id	13276	"$id"	bat	remove_bat_all	not-run	-
linux_tools/remove_tool_by_id	13276	"$id"	btop	remove btop; rm -rf "$HOME/.config/btop"	not-run	-
linux_tools/remove_tool_by_id	13276	"$id"	yazi	remove_yazi_all	not-run	-
linux_tools/remove_tool_by_id	13276	"$id"	htop	remove htop; rm -rf "$HOME/.config/htop" "$HOME/.htoprc"	not-run	-
linux_tools/remove_tool_by_id	13276	"$id"	ripgrep	remove ripgrep	not-run	-
linux_tools/remove_tool_by_id	13276	"$id"	fd	remove_fd_alias; remove fd-find	not-run	-
linux_tools/remove_tool_by_id	13276	"$id"	fzf	remove_fzf_all	not-run	-
linux_tools/remove_tool_by_id	13276	"$id"	blesh	remove_blesh_all	not-run	-
linux_tools/remove_tool_by_id	13276	"$id"	nexttrace	remove_nexttrace_all	not-run	-
linux_tools/remove_tool_by_id	13276	"$id"	python	remove_python_312_all	not-run	-
linux_tools/remove_tool_by_id	13276	"$id"	npm|nodejs	remove_nvm_all	not-run	-
linux_tools/remove_tool_by_id	13276	"$id"	iptables-persistent	remove_iptables_persistent_all	not-run	-
linux_tools/remove_tool_by_id	13276	"$id"	ufw	remove_ufw_all	not-run	-
linux_tools/remove_tool_by_id	13276	"$id"	firewalld	remove_firewalld_all	not-run	-
linux_tools/remove_tool_by_id	13276	"$id"	fail2ban	remove_fail2ban_all	not-run	-
linux_tools/remove_tool_by_id	13276	"$id"	claude	remove_claude_code_all	not-run	-
linux_tools/remove_tool_by_id	13276	"$id"	codex	remove_codex_all	not-run	-
linux_tools/remove_tool_by_id	13276	"$id"	bun	rm -rf "$HOME/.bun"; sed -i '/bun\/bin/d' ~/.bashrc ~/.profile ~/.bash_profile 2>/dev/null || true; reload_shell_configs_safely	not-run	-
linux_tools/remove_tool_by_id	13276	"$id"	uv	rm -f "$HOME/.local/bin/uv" "$HOME/.local/bin/uvx"; reload_shell_configs_safely	not-run	-
linux_tools/remove_tool_by_id	13276	"$id"	*	remove "$id"	not-run	-
linux_tools/tool_category_menu	13338	"$category_key"	thirdparty	tool_ids=("${thirdparty_ids[@]}") tool_names=("${thirdparty_names[@]}") tool_desc=("${thirdparty_desc[@]}")	not-run	-
linux_tools/tool_category_menu	13338	"$category_key"	programming	tool_ids=("${programming_ids[@]}") tool_names=("${programming_names[@]}") tool_desc=("${programming_desc[@]}")	not-run	-
linux_tools/tool_category_menu	13338	"$category_key"	*	echo "未知分类: $category_key" break_end return	not-run	-
linux_tools/tool_category_menu	13367	$sub_choice	1	read -e -p "请输入要安装的工具编号（支持多选，空格分隔）: " nums || return 1 handle_tool_numbers install "$nums" && [ -n "$nums" ] && restart_shell_after_tool_install	not-run	-
linux_tools/tool_category_menu	13367	$sub_choice	2	read -e -p "请输入要卸载的工具编号（支持多选，空格分隔）: " nums || return 1 handle_tool_numbers remove "$nums"	not-run	-
linux_tools/tool_category_menu	13367	$sub_choice	3	nums="$(all_tool_numbers)" read -e -i "$nums" -p "请确认/修改要安装的工具编号（默认全选，空格分隔）: " nums || return 1 handle_tool_numbers install "$nums" && [ -n "$nums" ] && restart_shell_after_tool_install	not-run	-
linux_tools/tool_category_menu	13367	$sub_choice	4	nums="$(all_tool_numbers)" read -e -i "$nums" -p "请确认/修改要卸载的工具编号（默认全选，空格分隔）: " nums || return 1 read -e -p "确认卸载以上编号对应工具？(y/N): " confirm || return 1 if [ "$confirm" = "y" ] || [ "$confirm" = "Y" ]; then handle_tool_numbers remove "$nums" e	not-run	-
linux_tools/tool_category_menu	13367	$sub_choice	0	return	not-run	-
linux_tools/tool_category_menu	13367	$sub_choice	*	echo "无效的输入!"	not-run	-
linux_tools	13398	"${1:-}"	thirdparty	tool_category_menu thirdparty "第三方工具" return	not-run	-
linux_tools	13398	"${1:-}"	thirdparty-install-all	local tool_ids=("${thirdparty_ids[@]}") handle_tool_numbers install "$(seq 1 ${#tool_ids[@]} | tr '\n' ' ')" || return 1 restart_shell_after_tool_install return	not-run	-
linux_tools	13398	"${1:-}"	programming|basic	tool_category_menu programming "编程工具" return	not-run	-
linux_tools	13398	"${1:-}"	programming-install-all	local tool_ids=("${programming_ids[@]}") handle_tool_numbers install "$(seq 1 ${#tool_ids[@]} | tr '\n' ' ')" || return 1 restart_shell_after_tool_install return	not-run	-
linux_tools	13429	$sub_choice	1	tool_category_menu thirdparty "第三方工具"	not-run	-
linux_tools	13429	$sub_choice	2	tool_category_menu programming "编程工具"	not-run	-
linux_tools	13429	$sub_choice	0	return	not-run	-
linux_tools	13429	$sub_choice	*	echo "无效的输入!"; break_end	not-run	-
docker_ssh_migration/docker_migration_restore	13713	"$restart_policy"	""|no		replaced	824758a: legacy shell reconstruction removed; version-2 Engine path tested natively on Singapore/Spain; unsupported old archives rejected
docker_ssh_migration/docker_migration_restore	13713	"$restart_policy"	*	run_args+=(--restart "$restart_policy")	replaced	824758a: legacy shell reconstruction removed; version-2 Engine path tested natively on Singapore/Spain; unsupported old archives rejected
docker_ssh_migration/main_menu	13806	$choice	1	docker_migration_backup	engine-native/partial	5758591/5470d15: real isolated Docker backup/restore with full metadata/data/Compose checks; menu confirmation routing regression; not every menu path
docker_ssh_migration/main_menu	13806	$choice	2	docker_migration_migrate	menu-real/partial	2026-09-28 docker; six hosts; IPv4/IPv6 loopback migration and owned deletion
docker_ssh_migration/main_menu	13806	$choice	3	docker_migration_restore	engine-native/partial	5758591/5470d15: real isolated Docker backup/restore with full metadata/data/Compose checks; menu confirmation routing regression; not every menu path
docker_ssh_migration/main_menu	13806	$choice	4	docker_migration_delete_backup	menu-real/partial	2026-09-28 docker; six hosts; IPv4/IPv6 loopback migration and owned deletion
docker_ssh_migration/main_menu	13806	$choice	0	return	menu-real/partial	2026-09-28 docker; six hosts; IPv4/IPv6 loopback migration and owned deletion
docker_ssh_migration/main_menu	13806	$choice	*	echo -e "${gl_hong}无效选项${gl_bai}"	not-run	-
docker_compose_update_cleanup_orphans	14336	"$file"	"${script_dir}"compose_update_*.sh		not-run	-
docker_compose_update_cleanup_orphans	14336	"$file"	*	echo -e "${gl_hong}跳过非托管路径: $file${gl_bai}"; continue	not-run	-
docker_compose_auto_update_manager	14390	"$sub_choice"	1	read -e -p "请输入要安装自动更新的项目编号（支持多选，空格分隔）: " nums || return 1 docker_compose_update_handle_numbers install "$nums"	not-run	-
docker_compose_auto_update_manager	14390	"$sub_choice"	2	read -e -p "请输入要卸载自动更新的项目编号（支持多选，空格分隔）: " nums || return 1 docker_compose_update_handle_numbers remove "$nums"	not-run	-
docker_compose_auto_update_manager	14390	"$sub_choice"	3	local nums nums="$(docker_compose_update_all_numbers)" read -e -i "$nums" -p "请确认/修改要安装的项目编号（默认全选，空格分隔）: " nums || return 1 docker_compose_update_handle_numbers install "$nums"	not-run	-
docker_compose_auto_update_manager	14390	"$sub_choice"	4	local nums nums="$(docker_compose_update_all_numbers)" read -e -i "$nums" -p "请确认/修改要卸载的项目编号（默认全选，空格分隔）: " nums || return 1 read -e -p "确认卸载以上编号对应自动更新？(y/N): " confirm || return 1 if [ "$confirm" = "y" ] || [ "$confirm" = "Y" ]; then docker	not-run	-
docker_compose_auto_update_manager	14390	"$sub_choice"	5	docker_compose_update_cleanup_orphans	not-run	-
docker_compose_auto_update_manager	14390	"$sub_choice"	0	return	not-run	-
docker_compose_auto_update_manager	14390	"$sub_choice"	*	echo "无效的输入!"	not-run	-
linux_docker	14459	$sub_choice	1	clear send_stats "安装docker环境" install_add_docker	not-run	-
linux_docker	14459	$sub_choice	2	clear if ! command -v docker >/dev/null 2>&1; then echo "Docker 未安装，请先选择 1 安装 Docker 环境。" elif ! docker info >/dev/null 2>&1; then echo "Docker 服务不可用，请检查 Docker 状态后重试。" else local container_count=$(docker ps -a -q 2>/dev/null | wc -l) local	not-run	-
linux_docker	14459	$sub_choice	3	docker_ps [ "$?" -eq 90 ] && continue	not-run	-
linux_docker	14459	$sub_choice	4	docker_image [ "$?" -eq 90 ] && continue	not-run	-
linux_docker	14459	$sub_choice	5	while true; do clear send_stats "Docker网络管理" echo "Docker网络列表" echo "------------------------------------------------------------" docker network ls echo "" echo "------------------------------------------------------------" container_ids=$	not-run	-
linux_docker	14459	$sub_choice	6	while true; do clear send_stats "Docker卷管理" echo "Docker卷列表" docker volume ls echo "" echo "卷操作" echo "------------------------" echo "1. 创建新卷" echo "2. 删除指定卷" echo "3. 删除所有卷" echo "------------------------" echo "0. 返回上一级选单" echo "--------	not-run	-
linux_docker	14459	$sub_choice	7	clear send_stats "Docker清理" read -e -p "$(echo -e "${gl_huang}提示: ${gl_bai}将清理无用的镜像容器网络，包括停止的容器，确定清理吗？(Y/N): ")" choice || return 1 case "$choice" in [Yy]) docker system prune -af --volumes ;; [Nn]) ;; *) echo "无效的选择，请输入 Y 或 N。" ;; esac	not-run	-
linux_docker	14459	$sub_choice	8	clear send_stats "Docker源" docker_mirror_menu [ "$?" -eq 90 ] && continue	not-run	-
linux_docker	14459	$sub_choice	9	clear docker_daemon_json_merge __edit__	not-run	-
linux_docker	14459	$sub_choice	10	docker_compose_auto_update_manager continue	not-run	-
linux_docker	14459	$sub_choice	11	clear send_stats "Docker v6 开" docker_ipv6_on	not-run	-
linux_docker	14459	$sub_choice	12	clear send_stats "Docker v6 关" docker_ipv6_off	not-run	-
linux_docker	14459	$sub_choice	19	docker_ssh_migration continue	not-run	-
linux_docker	14459	$sub_choice	20	clear send_stats "Docker卸载" read -e -p "$(echo -e "${gl_hong}注意: ${gl_bai}确定卸载docker环境吗？(Y/N): ")" choice || return 1 case "$choice" in [Yy]) docker_uninstall_environment || return 1 ;; [Nn]) ;; *) echo "无效的选择，请输入 Y 或 N。" ;; esac	not-run	-
linux_docker	14459	$sub_choice	0	return	not-run	-
linux_docker	14459	$sub_choice	*	echo "无效的输入!"	not-run	-
linux_docker	14547	$sub_choice	1	send_stats "创建网络" read -e -p "设置新网络名: " dockernetwork || return 1 docker network create $dockernetwork	not-run	-
linux_docker	14547	$sub_choice	2	send_stats "加入网络" read -e -p "加入网络名: " dockernetwork || return 1 read -e -p "那些容器加入该网络（多个容器名请用空格分隔）: " dockernames || return 1 for dockername in $dockernames; do docker network connect $dockernetwork $dockername done	not-run	-
linux_docker	14547	$sub_choice	3	send_stats "加入网络" read -e -p "退出网络名: " dockernetwork || return 1 read -e -p "那些容器退出该网络（多个容器名请用空格分隔）: " dockernames || return 1 for dockername in $dockernames; do docker network disconnect $dockernetwork $dockername done	not-run	-
linux_docker	14547	$sub_choice	4	send_stats "删除网络" read -e -p "请输入要删除的网络名: " dockernetwork || return 1 docker network rm $dockernetwork	not-run	-
linux_docker	14547	$sub_choice	0	continue 2	not-run	-
linux_docker	14547	$sub_choice	*	break	not-run	-
linux_docker	14606	$sub_choice	1	send_stats "新建卷" read -e -p "设置新卷名: " dockerjuan || return 1 docker volume create $dockerjuan	not-run	-
linux_docker	14606	$sub_choice	2	read -e -p "输入删除卷名（多个卷名请用空格分隔）: " dockerjuans || return 1 for dockerjuan in $dockerjuans; do docker volume rm $dockerjuan done	not-run	-
linux_docker	14606	$sub_choice	3	send_stats "删除所有卷" read -e -p "$(echo -e "${gl_hong}注意: ${gl_bai}确定删除所有未使用的卷吗？(Y/N): ")" choice || return 1 case "$choice" in [Yy]) docker volume prune -f ;; [Nn]) ;; *) echo "无效的选择，请输入 Y 或 N。" ;; esac	not-run	-
linux_docker	14606	$sub_choice	0	continue 2	not-run	-
linux_docker	14606	$sub_choice	*	break	not-run	-
linux_docker	14625	"$choice"	[Yy]	docker volume prune -f	not-run	-
linux_docker	14625	"$choice"	[Nn]		not-run	-
linux_docker	14625	"$choice"	*	echo "无效的选择，请输入 Y 或 N。"	not-run	-
linux_docker	14650	"$choice"	[Yy]	docker system prune -af --volumes	not-run	-
linux_docker	14650	"$choice"	[Nn]		not-run	-
linux_docker	14650	"$choice"	*	echo "无效的选择，请输入 Y 或 N。"	not-run	-
linux_docker	14703	"$choice"	[Yy]	docker_uninstall_environment || return 1	not-run	-
linux_docker	14703	"$choice"	[Nn]		not-run	-
linux_docker	14703	"$choice"	*	echo "无效的选择，请输入 Y 或 N。"	not-run	-
ssh_private_key_name_valid	14828	"$1"	authorized_keys|authorized_keys2|known_hosts|known_hosts2|known_hosts.old|config|environment|rc|*.pub	return 1	not-run	-
ssh_config_manager/ssh_key_manager	15429	"$sub_choice"	1	read -e -p "请粘贴公钥: " public_key || return 1; ssh_add_public_key "$public_key"	not-run	-
ssh_config_manager/ssh_key_manager	15429	"$sub_choice"	2	ssh_transaction_apply --delete-key "$line_no" "$key_hash"	native-helper/partial	1c92951: Wawo actual installed public-key submenu deletes only temporary key and independent confirmation; backend real timer restoration and original-key authentication verified
ssh_config_manager/ssh_key_manager	15429	"$sub_choice"	3	read -e -p "请输入私钥文件名（默认 id_ed25519）: " key_name || return 0 key_name=${key_name:-id_ed25519} if ! ssh_private_key_name_valid "$key_name" || [ -e "/root/.ssh/$key_name" ] || [ -L "/root/.ssh/$key_name" ]; then echo "文件名无效或文件已存在，未覆盖任何文件。" els	menu-real-vm/partial	f9cd0f8; both VMs actual private-key import/delete of plain and encrypted Ed25519, invalid-content refusal; six native seven-case helpers additionally test encrypted PEM, wrong passphrase, traversal, symlinks, overwrite, permissions and shared-file refusal
ssh_config_manager/ssh_key_manager	15429	"$sub_choice"	4	read -e -p "请输入要删除的私钥文件名: " key_name || return 0 if ssh_private_key_name_valid "$key_name" && [ -f "/root/.ssh/$key_name" ] && [ ! -L "/root/.ssh/$key_name" ]; then ssh_private_key_remove "$key_name" else echo "文件名无效或不是私钥文件，未删除。" fi	menu-real-vm/partial	f9cd0f8; both VMs actual private-key import/delete of plain and encrypted Ed25519, invalid-content refusal; six native seven-case helpers additionally test encrypted PEM, wrong passphrase, traversal, symlinks, overwrite, permissions and shared-file refusal
ssh_config_manager/ssh_key_manager	15429	"$sub_choice"	0	return	not-run	-
ssh_config_manager/ssh_key_manager	15429	"$sub_choice"	*	echo "无效的输入!"	not-run	-
ssh_config_manager	15474	"$sub_choice"	1	read -e -p "请输入新 SSH 端口（默认 $DEFAULT_SSH_PORT）: " new_port || return 1 new_port=${new_port:-$DEFAULT_SSH_PORT} if [[ "$new_port" =~ ^[0-9]+$ ]] && [ "$new_port" -ge 1 ] && [ "$new_port" -le 65535 ]; then if command -v ufw >/dev/null 2>&1 && 	not-run	-
ssh_config_manager	15474	"$sub_choice"	2	echo "1. 禁用密码登录 2. 开启密码登录" read -e -p "请选择: " mode || return 1 case "$mode" in 1) ssh_transaction_apply PasswordAuthentication no KbdInteractiveAuthentication no PermitEmptyPasswords no ;; 2) ssh_transaction_apply PasswordAuthentication yes	menu-real-vm/partial	4c684af; both VMs actual password-disable menu -> pending transaction -> independent confirmation; enable branch routing tests only
ssh_config_manager	15474	"$sub_choice"	3	echo "1. 开启密钥登录 2. 禁用密钥登录" read -e -p "请选择: " mode || return 1 case "$mode" in 1) read -e -p "请粘贴公钥（可直接回车跳过）: " public_key || return 1 if [ -n "$public_key" ] && ! ssh_add_public_key "$public_key"; then break_end; continue; fi ssh_transacti	not-run	-
ssh_config_manager	15474	"$sub_choice"	4	ssh_transaction_apply --ufw Port ... authentication options	menu-real/partial	1c92951: installed SSH manager option 4, same-port safe configuration, same-session refusal and independent temporary-key confirmation; inactive UFW deliberately refused
ssh_config_manager	15474	"$sub_choice"	5	ssh_key_manager; continue	menu-real/scoped	e626ea7; six hosts fullmain9->5->0->0 in private root/tmp/run/network and readonly etc/usr/var; absentkeydirectory notcreated, existingmode/contentunchanged; actualcredential writes/authchange nottested; firstfixture mountorder failure retained
ssh_config_manager	15474	"$sub_choice"	6	ssh_config_edit	native-helper/partial	1c92951: staged editor backend invalid-config rejection, extra listener with active UFW, independent new-port confirmation and real timer rollback; actual menu refuses missing Vim, interactive Vim untested
ssh_config_manager	15474	"$sub_choice"	0	return	not-run	-
ssh_config_manager	15474	"$sub_choice"	*	echo "无效的输入!"	not-run	-
ssh_config_manager	15493	"$mode"	1	ssh_transaction_apply PasswordAuthentication no KbdInteractiveAuthentication no PermitEmptyPasswords no	menu-real-vm/partial	4c684af; both VMs actual main9 -> authentication2 -> disable1, pending-state verification, old-session refusal, independent confirmation; enabling/other authentication policies not covered by this evidence
ssh_config_manager	15493	"$mode"	2	ssh_transaction_apply PasswordAuthentication yes KbdInteractiveAuthentication yes PermitRootLogin yes	not-run	-
ssh_config_manager	15493	"$mode"	*	echo "无效的输入，未修改 SSH。"	not-run	-
ssh_config_manager	15502	"$mode"	1	read -e -p "请粘贴公钥（可直接回车跳过）: " public_key || return 1 if [ -n "$public_key" ] && ! ssh_add_public_key "$public_key"; then break_end; continue; fi ssh_transaction_apply PubkeyAuthentication yes AuthorizedKeysFile .ssh/authorized_keys	not-run	-
ssh_config_manager	15502	"$mode"	2	ssh_transaction_apply PubkeyAuthentication no	not-run	-
ssh_config_manager	15502	"$mode"	*	echo "无效的输入，未修改 SSH。"	not-run	-
ufw_manager	15587	"$sub_choice"	1	root_use if install ufw && ufw_allow_current_ssh; then ufw --force enable && ufw status fi	not-run	-
ufw_manager	15587	"$sub_choice"	2	root_use; ufw disable 2>/dev/null || true; remove ufw; rm -rf /etc/ufw /var/lib/ufw	not-run	-
ufw_manager	15587	"$sub_choice"	3	root_use; read -e -p "请输入要开放的端口/协议: " port_rule || return 1; [ -n "$port_rule" ] && ufw allow "$port_rule"; ufw status numbered	not-run	-
ufw_manager	15587	"$sub_choice"	4	root_use; read -e -p "请输入要删除的端口/协议: " port_rule || return 1; ufw_delete_allow_safe "$port_rule" && ufw status numbered	menu-real-vm/partial	6a62623; Debian13AMD64 and Ubuntu22ARM64 active UFW fullmain10->4 six rounds each; SSH22/range/app refusal, unrelatedTCP/sameportUDP/range deletion, originalUFWconfig/inactive restored; other firewall operations not covered
ufw_manager	15587	"$sub_choice"	0	return	not-run	-
ufw_manager	15587	"$sub_choice"	*	echo "无效的输入!"	not-run	-
fail2ban_manager/fail2ban_service	15634	"$action"	status	/bin/systemctl --no-pager --full status fail2ban	not-run	-
fail2ban_manager/fail2ban_service	15634	"$action"	*	/bin/systemctl "$action" fail2ban	not-run	-
fail2ban_manager	15789	"$sub_choice"	1	fail2ban_install_sshd	not-run	-
fail2ban_manager	15789	"$sub_choice"	2	fail2ban_uninstall_all	not-run	-
fail2ban_manager	15789	"$sub_choice"	3	fail2ban_check_sshd_jail	not-run	-
fail2ban_manager	15789	"$sub_choice"	0	return	not-run	-
fail2ban_manager	15789	"$sub_choice"	*	echo "无效的输入!"	not-run	-
embedded@15817/nginx_domain_cert_dir_for_domain	390	"$cert_path"	/root/domain/*/fullchain.pem	dirname "$cert_path"; return 0	not-run	-
embedded@15817/remove_cert	443	"$cert_dir"	/root/domain/*	[ -d "$cert_dir" ] && rm -rf "$cert_dir"	replaced	461dd2a..5758591: recursive certificate deletion removed; native OpenSSL/filesystem guard tests, mocked acme/service probes
embedded@15817/remove_nginx_and_cert	531	"$CERT_DIR"	/root/domain/*|/etc/letsencrypt/live/*	[ -n "$CERT_DIR" ] && [ -d "$CERT_DIR" ] && rm -rf "$CERT_DIR"	replaced	461dd2a..5758591: recursive certificate deletion removed; native OpenSSL/filesystem guard tests, mocked acme/service probes
embedded@15817/CLI	1065	$ACTION	1	read -p "请输入域名: " DOMAIN validate_domain "$DOMAIN" || { echo -e "${RED}域名格式不正确${NC}"; continue; } read -p "请输入 nginx 配置文件名称: " NGINX_NAME validate_name "$NGINX_NAME" || { echo -e "${RED}配置名不合法${NC}"; continue; } read -p "请输入代理端口号: " PORT va	not-run	-
embedded@15817/CLI	1065	$ACTION	2	remove_nginx_and_cert	not-run	-
embedded@15817/CLI	1065	$ACTION	3	read -p "请输入域名: " DOMAIN validate_domain "$DOMAIN" || { echo -e "${RED}域名格式不正确${NC}"; continue; } issue_cert "$DOMAIN" restart_nginx_if_needed	not-run	-
embedded@15817/CLI	1065	$ACTION	4	remove_cert	not-run	-
embedded@15817/CLI	1065	$ACTION	5	show_cert_list	not-run	-
embedded@15817/CLI	1065	$ACTION	6	read -p "请输入域名: " DOMAIN validate_domain "$DOMAIN" || { echo -e "${RED}域名格式不正确${NC}"; continue; } read -p "请输入 nginx 配置文件名称: " NGINX_NAME validate_name "$NGINX_NAME" || { echo -e "${RED}配置名不合法${NC}"; continue; } read -p "请输入代理端口号: " PORT va	not-run	-
embedded@15817/CLI	1065	$ACTION	7	remove_nginx_config	not-run	-
embedded@15817/CLI	1065	$ACTION	8	create_test_page	not-run	-
embedded@15817/CLI	1065	$ACTION	9	remove_test_page	not-run	-
embedded@15817/CLI	1065	$ACTION	10	install_nginx nginx -v 2>&1 || true systemctl status nginx --no-pager 2>/dev/null || true	not-run	-
embedded@15817/CLI	1065	$ACTION	11	backup_nginx_domain	not-run	-
embedded@15817/CLI	1065	$ACTION	12	restore_nginx_domain	not-run	-
embedded@15817/CLI	1065	$ACTION	13	nginx_domain_migrate_existing_certs	not-run	-
embedded@15817/CLI	1065	$ACTION	0	echo -e "${GREEN}返回上一级菜单${NC}" exit 0	not-run	-
embedded@15817/CLI	1065	$ACTION	*	echo -e "${RED}无效选择${NC}"	not-run	-
common_one_click_scripts	16992	"$sub_choice"	1	daimon_exec_cached_script "https://run.NodeQuality.com" "NodeQuality.sh"	not-run	-
common_one_click_scripts	16992	"$sub_choice"	2	daimon_exec_cached_script "https://IP.Check.Place" "IPQuality.sh"	not-run	-
common_one_click_scripts	16992	"$sub_choice"	3	daimon_exec_cached_script "https://gitlab.com/spiritysdx/za/-/raw/main/ecs.sh" "ecs.sh"	not-run	-
common_one_click_scripts	16992	"$sub_choice"	4	daimon_exec_cached_script "https://Net.Check.Place" "NetQuality.sh"	not-run	-
common_one_click_scripts	16992	"$sub_choice"	5	daimon_exec_cached_script "https://check.unlock.media" "RegionRestrictionCheck.sh"	not-run	-
common_one_click_scripts	16992	"$sub_choice"	6	daimon_exec_cached_script "https://bench.sh" "bench.sh"	not-run	-
common_one_click_scripts	16992	"$sub_choice"	7	daimon_exec_cached_script "https://yabs.sh" "yabs.sh"	not-run	-
common_one_click_scripts	16992	"$sub_choice"	8	daimon_download "https://Check.Place" "HardwareQuality.sh" && exec bash "$DAIMON_SCRIPT_DIR/HardwareQuality.sh" -H	not-run	-
common_one_click_scripts	16992	"$sub_choice"	9	daimon_exec_cached_script "https://raw.githubusercontent.com/yonggekkk/x-ui-yg/main/install.sh" "x-ui-yg-install.sh"	not-run	-
common_one_click_scripts	16992	"$sub_choice"	10	exec bash -c 'bash <(curl -sL kejilion.sh)'	not-run	-
common_one_click_scripts	16992	"$sub_choice"	11	daimon_exec_cached_script "https://raw.githubusercontent.com/daimon3332/sing-box-daimon/main/sb.sh" "sing-box-daimon.sh"	not-run	-
common_one_click_scripts	16992	"$sub_choice"	12	daimon_exec_cached_script "https://raw.githubusercontent.com/daimon3332/TcpQuality/main/runTcpQuality.sh" "runTcpQuality.sh"	not-run	-
common_one_click_scripts	16992	"$sub_choice"	0	return	not-run	-
common_one_click_scripts	16992	"$sub_choice"	*	echo "无效的输入!"; break_end	not-run	-
rclone_install_cn_release	17030	"$(uname -m)"	x86_64|amd64	arch=amd64	not-run	-
rclone_install_cn_release	17030	"$(uname -m)"	aarch64|arm64	arch=arm64	not-run	-
rclone_install_cn_release	17030	"$(uname -m)"	i?86	arch=386	not-run	-
rclone_install_cn_release	17030	"$(uname -m)"	armv7*	arch=arm-v7	not-run	-
rclone_install_cn_release	17030	"$(uname -m)"	armv6*	arch=arm-v6	not-run	-
rclone_install_cn_release	17030	"$(uname -m)"	*	echo "不支持的 rclone 架构: $(uname -m)"; return 1	not-run	-
rclone_restore_name_valid	17132	"$name"	*/*|*\\*|*[[:cntrl:]]*	return 1	not-run	-
rclone_state_text	17174	"$1"	valid	echo "有效（读取验证）"	not-run	-
rclone_state_text	17174	"$1"	invalid	echo "无效（认证失败）"	not-run	-
rclone_state_text	17174	"$1"	*	echo "无法检测（网络、权限或配置）"	not-run	-
rclone_restore_remote_folder	17470	"$policy"	1	policy=keep	not-run	-
rclone_restore_remote_folder	17470	"$policy"	2	policy=replace	not-run	-
rclone_restore_remote_folder	17470	"$policy"	*	return 0	not-run	-
rclone_nginx_allow_ports	17527	"$status"	*'Status: active'*|*'Status: inactive'*		not-run	-
rclone_nginx_allow_ports	17527	"$status"	*	echo "UFW 状态未知，未修改规则。"; return 1	not-run	-
rclone_nginx_target_for_key	17556	"$key"	sites-available|sites-enabled|conf.d|stream.d|nginx.conf|mime.types	printf '%s/%s\n' "$nginx_dir" "$key"	not-run	-
rclone_nginx_target_for_key	17556	"$key"	home-web-conf.d	printf '%s/conf.d\n' "${DAIMON_WEB_DIR:-/home/web}"	not-run	-
rclone_nginx_target_for_key	17556	"$key"	home-web-stream.d	printf '%s/stream.d\n' "${DAIMON_WEB_DIR:-/home/web}"	not-run	-
rclone_nginx_target_for_key	17556	"$key"	domain	printf '%s\n' "${DAIMON_DOMAIN_DIR:-${DAIMON_RESTORE_ROOT:-/root}/domain}"	not-run	-
rclone_nginx_target_for_key	17556	"$key"	*	return 1	not-run	-
rclone_nginx_apply	17645	"$policy"	keep|replace		not-run	-
rclone_nginx_apply	17645	"$policy"	*	return 1	not-run	-
rclone_nginx_apply	17646	"$mode"	sites	keys=(sites-available)	not-run	-
rclone_nginx_apply	17646	"$mode"	links	keys=(sites-enabled)	not-run	-
rclone_nginx_apply	17646	"$mode"	domain	keys=(domain)	not-run	-
rclone_nginx_apply	17646	"$mode"	all	for key in sites-available domain conf.d stream.d home-web-conf.d home-web-stream.d nginx.conf mime.types; do [ ! -e "$backup/$key" ] || keys+=("$key") done [ ! -s "$backup/enabled_sites.txt" ] || keys+=(sites-enabled) [ "${#keys[@]}" -gt 0	not-run	-
rclone_nginx_apply	17646	"$mode"	*	return 1	not-run	-
rclone_nginx_apply	17670	"$key"	nginx.conf|mime.types	[ -f "$backup/$key" ] && { [ ! -e "$dst" ] || [ -f "$dst" ]; } || return 1	not-run	-
rclone_nginx_apply	17670	"$key"	*	[ "$key" = sites-enabled ] || rclone_tree_safe "$dst" || return 1	not-run	-
rclone_nginx_apply	17707	"$key"	nginx.conf|mime.types		not-run	-
rclone_nginx_apply	17707	"$key"	*	mkdir "$work/new/$key" || return 1	not-run	-
rclone_nginx_apply	17710	"$key"	nginx.conf|mime.types	if [ "$policy" = replace ] || [ ! -f "$work/new/$key" ]; then cp -a -- "$backup/$key" "$work/new/$key" || return 1; fi continue	not-run	-
rclone_restore_nginx_domain_remote	17814	"$choice"	1	mode=sites	not-run	-
rclone_restore_nginx_domain_remote	17814	"$choice"	2	mode=links	not-run	-
rclone_restore_nginx_domain_remote	17814	"$choice"	3	mode=domain	not-run	-
rclone_restore_nginx_domain_remote	17814	"$choice"	4	mode=all	not-run	-
rclone_restore_nginx_domain_remote	17814	"$choice"	0	return	not-run	-
rclone_restore_nginx_domain_remote	17814	"$choice"	*	echo "无效的输入!"; continue	not-run	-
rclone_restore_nginx_domain_remote	17823	"$policy"	1	policy=keep	not-run	-
rclone_restore_nginx_domain_remote	17823	"$policy"	2	policy=replace	not-run	-
rclone_restore_nginx_domain_remote	17823	"$policy"	*	continue	not-run	-
rclone_restore_named_volumes	18371	"$choice"	1	rclone_show_named_volume_inventory; return $?	not-run	-
rclone_restore_named_volumes	18371	"$choice"	2	rclone_export_named_volumes; return $?	not-run	-
rclone_restore_named_volumes	18371	"$choice"	3		not-run	-
rclone_restore_named_volumes	18371	"$choice"	*	return 0	not-run	-
rclone_migration_verify	18434	",$dns,"	*",$expected,"*		not-run	-
rclone_migration_verify	18434	",$dns,"	*	echo "DNS 尚未指向指定 IP，或使用了 CDN；请按你的 DNS 配置核对。"	not-run	-
rclone_migration_verify	18437	"$output"	2??|3??|401|403	code=0	not-run	-
rclone_migration_verify	18437	"$output"	*	code=1	not-run	-
rclone_migration_verify	18441	"$output"	2??|3??|401|403		not-run	-
rclone_migration_verify	18441	"$output"	*	rc=1	not-run	-
rclone_migration_verify	18452	"$output"	2??|3??|401|403		not-run	-
rclone_migration_verify	18452	"$output"	*	rc=1	not-run	-
rclone_restore_docker_compose_projects	18500	"$?"	1	start_dirs+=("$project_dir"); rclone_restore_record compose "$project_dir" pending "awaiting startup confirmation" || return 1	not-run	-
rclone_restore_docker_compose_projects	18500	"$?"	*	check_failed_dirs+=("$project_dir"); rclone_restore_record compose "$project_dir" failed "status query/health failed" || return 1	not-run	-
rclone_manager	18575	$sub_choice	1	rclone_install_tool; remote_status=$(rclone_load_remote_status 2>/dev/null) || true	not-run	-
rclone_manager	18575	$sub_choice	2	rclone_edit_config; remote_status=$(rclone_load_remote_status 2>/dev/null) || true	not-run	-
rclone_manager	18575	$sub_choice	3	rclone_uninstall_tool	not-run	-
rclone_manager	18575	$sub_choice	4	rclone_restore_remote_folder	not-run	-
rclone_manager	18575	$sub_choice	5	rclone_restore_nginx_domain_remote	not-run	-
rclone_manager	18575	$sub_choice	6	rclone_restore_docker_compose_projects	not-run	-
rclone_manager	18575	$sub_choice	7	crontab_sync_log_manager	not-run	-
rclone_manager	18575	$sub_choice	0	return	not-run	-
rclone_manager	18575	$sub_choice	*	echo "无效的输入!"	not-run	-
bitwarden_manager	18998	$sub_choice	1	bitwarden_configure_rclone_conf	not-run	-
bitwarden_manager	18998	$sub_choice	2	bitwarden_backup_data	not-run	-
bitwarden_manager	18998	$sub_choice	3	bitwarden_restore_data	not-run	-
bitwarden_manager	18998	$sub_choice	4	bitwarden_configure_sync_script	not-run	-
bitwarden_manager	18998	$sub_choice	0	return	not-run	-
bitwarden_manager	18998	$sub_choice	*	echo "无效的输入!"	not-run	-
crontab_sync_log_manager	19270	"$choice"	1	filter=""	not-run	-
crontab_sync_log_manager	19270	"$choice"	2	read -e -p "任务名（如 root、emby、bitwarden）: " filter || return 1	not-run	-
crontab_sync_log_manager	19270	"$choice"	3|4|5	read -e -p "请输入记录编号（1-15）: " number || return 1 record=$(crontab_sync_log_pick "$number" "$filter") || { echo "记录不存在"; break_end; continue; } IFS=$'\t' read -r _ _ _ _ _ _ _ _ _ _ log _ <<< "$record" [ -f "$log" ] || { echo "日志文件不存在: $log";	not-run	-
crontab_sync_log_manager	19270	"$choice"	0	return	not-run	-
crontab_sync_log_manager	19270	"$choice"	*	echo "无效的输入!"; break_end	not-run	-
crontab_sync_log_manager	19278	"$choice"	3	crontab_sync_log_sanitize "$log"	not-run	-
crontab_sync_log_manager	19278	"$choice"	4	crontab_sync_log_copy "$log"	not-run	-
crontab_sync_log_manager	19278	"$choice"	5	crontab_sync_log_export "$log"	not-run	-
crontab_sync_legacy_script_file_by_id	19309	"$1"	bitwarden	echo "$(crontab_sync_backup_dir)/Vaultwarden_OneDrive_to_Infini.sh"	not-run	-
crontab_sync_legacy_script_file_by_id	19309	"$1"	via	echo "$(crontab_sync_backup_dir)/Via_Infini_to_OneDrive.sh"	not-run	-
crontab_sync_script_file_by_id	19491	"$1"	bitwarden	echo "$(crontab_sync_backup_dir)/Vaultwarden_OneDrive_to_Kissska1.sh"	not-run	-
crontab_sync_script_file_by_id	19491	"$1"	imagebed	echo "$(crontab_sync_backup_dir)/ImageBed_CloudFlare-R2_to_OneDrive.sh"	not-run	-
crontab_sync_script_file_by_id	19491	"$1"	via	echo "$(crontab_sync_backup_dir)/Via_OneDrive_to_Kissska1.sh"	not-run	-
crontab_sync_script_file_by_id	19491	"$1"	nginxdomain	echo "$(crontab_sync_backup_dir)/Nginx_Domain_Local_Backup.sh"	not-run	-
crontab_sync_script_file_by_id	19491	"$1"	root	local name; name=$(crontab_sync_root_name) || return 1; echo "$(crontab_sync_backup_dir)/$name.sh"	not-run	-
crontab_sync_script_file_by_id	19491	"$1"	emby	echo "$(crontab_sync_backup_dir)/Emby_Root_Backup.sh"	not-run	-
crontab_sync_script_file_by_id	19491	"$1"	custom	echo "$(crontab_sync_backup_dir)/$2"	not-run	-
crontab_sync_cron_line_by_id	19508	"$id"	bitwarden	echo "5 5 * * * /bin/bash $runner bitwarden $script_file >> /var/log/rclone/cron_Vaultwarden_OneDrive_to_Kissska1.log 2>&1"	not-run	-
crontab_sync_cron_line_by_id	19508	"$id"	imagebed	echo "10 4 * * * /bin/bash $runner imagebed $script_file >> /var/log/rclone/cron_ImageBed_CloudFlare-R2_to_OneDrive.log 2>&1"	not-run	-
crontab_sync_cron_line_by_id	19508	"$id"	via	echo "15 4 * * * /bin/bash $runner via $script_file >> /var/log/rclone/cron_Via_OneDrive_to_Kissska1.log 2>&1"	not-run	-
crontab_sync_cron_line_by_id	19508	"$id"	nginxdomain	echo "0 4 * * * /bin/bash $runner nginxdomain $script_file >> /var/log/rclone/cron_Nginx_Domain_Local_Backup.log 2>&1"	not-run	-
crontab_sync_cron_line_by_id	19508	"$id"	root	echo "25 4 * * * /bin/bash $runner root $script_file >> /var/log/rclone/cron_Root_Backup.log 2>&1"	not-run	-
crontab_sync_cron_line_by_id	19508	"$id"	emby	echo "45 5 * * 0 /bin/bash $runner emby $script_file >> /var/log/rclone/cron_Emby_Root_Backup.log 2>&1"	not-run	-
crontab_sync_cron_line_by_id	19508	"$id"	custom	local script_base script_base=$(basename "$script_file" .sh) echo "45 4 * * * /bin/bash $runner custom:$script_base $script_file >> /var/log/rclone/cron_${script_base}.log 2>&1"	not-run	-
crontab_sync_script_content_ok	19528	"$id"	bitwarden	grep -q 'SRC_REMOTE="qq3303338052@outlook:/BitwardenBackup"' "$script_file" 2>/dev/null \ && grep -q 'DEST_REMOTE="kissska1:/BitwardenBackup"' "$script_file" 2>/dev/null \ && grep -q 'rclone sync' "$script_file" 2>/dev/null	not-run	-
crontab_sync_script_content_ok	19528	"$id"	imagebed	grep -q 'qq3303338052@cloudflare:image-bed-daimon' "$script_file" 2>/dev/null \ && grep -q 'qq3303338052@outlook:image-bed-daimon' "$script_file" 2>/dev/null \ && grep -q 'rclone sync' "$script_file" 2>/dev/null	not-run	-
crontab_sync_script_content_ok	19528	"$id"	via	grep -q '"qq3303338052@outlook:Via"' "$script_file" 2>/dev/null \ && grep -q '"kissska1:Via"' "$script_file" 2>/dev/null \ && grep -q 'rclone sync' "$script_file" 2>/dev/null	not-run	-
crontab_sync_script_content_ok	19528	"$id"	nginxdomain	if grep -q 'BACKUP_DIR="\$BACKUP_ROOT/auto_latest"' "$script_file" 2>/dev/null && grep -Eq 'rclone_nginx_write_bundle|copy_backup_item' "$script_file" 2>/dev/null && grep -q 'manifest.txt' "$script_file" 2>/dev/null; then return 0 fi return	not-run	-
crontab_sync_script_content_ok	19528	"$id"	root|emby|custom	local stage expected result=1 stage=$(mktemp -d) || return 1 expected="$stage/$(basename "$script_file")" if DAIMON_SKIP_RUNNER_WRITE=1 crontab_sync_write_script "$id" "$expected" && cmp -s "$expected" "$script_file"; then result=0; fi rm -	not-run	-
crontab_sync_builtin_name_by_id	19597	"$1"	bitwarden	echo "bitwarden同步脚本"	not-run	-
crontab_sync_builtin_name_by_id	19597	"$1"	imagebed	echo "图床同步脚本"	not-run	-
crontab_sync_builtin_name_by_id	19597	"$1"	via	echo "via同步脚本"	not-run	-
crontab_sync_builtin_name_by_id	19597	"$1"	nginxdomain	echo "域名和nginx配置备份脚本"	not-run	-
crontab_sync_builtin_name_by_id	19597	"$1"	root	echo "/root Docker一致性备份脚本"	not-run	-
crontab_sync_builtin_name_by_id	19597	"$1"	emby	echo "Emby目录备份脚本"	not-run	-
crontab_sync_builtin_id_by_number	19608	"$1"	1	echo "bitwarden"	not-run	-
crontab_sync_builtin_id_by_number	19608	"$1"	2	echo "imagebed"	not-run	-
crontab_sync_builtin_id_by_number	19608	"$1"	3	echo "via"	not-run	-
crontab_sync_builtin_id_by_number	19608	"$1"	4	echo "nginxdomain"	not-run	-
crontab_sync_builtin_id_by_number	19608	"$1"	5	echo "emby"	not-run	-
crontab_sync_builtin_id_by_number	19608	"$1"	6	echo "root"	not-run	-
crontab_sync_write_script	19647	"$id"	bitwarden	cat > "$script_file" <<'EOF' #!/bin/bash set -euo pipefail # ========= 源与目标 ========= SRC_REMOTE="qq3303338052@outlook:/BitwardenBackup" DEST_REMOTE="kissska1:/BitwardenBackup" # ========= 日志 ========= LOG_DIR="/var/log/rclone" LOG_FILE="${	not-run	-
crontab_sync_write_script	19647	"$id"	imagebed	cat > "$script_file" <<'EOF' #!/bin/bash set -euo pipefail LOG_DIR="/var/log/rclone" LOG_FILE="${DAIMON_RUN_LOG:-$LOG_DIR/r2_to_onedrive_imagebed.log}" LOCK_FILE="/run/lock/daimon-rclone-backups.lock" install -d -m 700 "$LOG_DIR" "$(dirname	not-run	-
crontab_sync_write_script	19647	"$id"	via	cat > "$script_file" <<'EOF' #!/bin/bash set -euo pipefail LOG_DIR="/var/log/rclone" LOG_FILE="${DAIMON_RUN_LOG:-$LOG_DIR/outlook_to_kissska1_via.log}" LOCK_FILE="/run/lock/daimon-rclone-backups.lock" install -d -m 700 "$LOG_DIR" "$(dirname	not-run	-
crontab_sync_write_script	19647	"$id"	nginxdomain	rclone_nginx_write_backup_script "$script_file"	not-run	-
crontab_sync_write_script	19647	"$id"	root|emby|custom	local backup_name kind source if [ "$id" = emby ]; then backup_name=Emby; kind=emby; source=/root/emby else backup_name=$(basename "$target" .sh) if [ "$backup_name" = Root_Backup ]; then backup_name=$(crontab_sync_root_name) || return 1 fi	not-run	-
crontab_sync_write_script	19647	"$id"	*	return 1	not-run	-
crontab_sync_reconcile_legacy	20601	"$custom_file"	"$bit_old"|"$via_old"	continue	replaced/read-only	7054f73: startup no longer writes cron/scripts; explicit selected-file migration separately tested on three hosts
crontab_sync_install_one	20647	"$id"	bitwarden|via|root|emby|custom	if ! crontab_sync_remote_ready; then echo -e "${gl_hong}kissska1 连接检查失败，未修改脚本和定时任务。${gl_bai}" return 1 fi	not-run	-
crontab_sync_get_item_by_number	20793	"$num"	1|2|3|4|5|6	id=$(crontab_sync_builtin_id_by_number "$num") if [ "$id" = root ]; then if ! file=$(crontab_sync_script_file_by_id "$id" 2>/dev/null); then [ "$action" = install ] || return 1 crontab_sync_prompt_root_name >/dev/null || return 1 file=$(cro	not-run	-
crontab_sync_handle_numbers	20831	"$action"	install|remove		not-run	-
crontab_sync_handle_numbers	20831	"$action"	*	return 1	not-run	-
crontab_sync_manager	20893	"$sub_choice"	1	read -e -p "请输入要安装的脚本编号（支持多选，空格分隔）: " nums || return 1 crontab_sync_handle_numbers install "$nums"	not-run	-
crontab_sync_manager	20893	"$sub_choice"	2	read -e -p "请输入要卸载的脚本编号（支持多选，空格分隔）: " nums || return 1 crontab_sync_handle_numbers remove "$nums"	not-run	-
crontab_sync_manager	20893	"$sub_choice"	3	local nums nums="$(crontab_sync_all_numbers)" read -e -i "$nums" -p "请确认/修改要安装的脚本编号（默认全选，空格分隔）: " nums || return 1 crontab_sync_handle_numbers install "$nums"	not-run	-
crontab_sync_manager	20893	"$sub_choice"	4	local nums nums="$(crontab_sync_all_numbers)" read -e -i "$nums" -p "请确认/修改要卸载的脚本编号（默认全选，空格分隔）: " nums || return 1 read -e -p "确认卸载以上编号对应脚本和定时任务？(y/N): " confirm || return 1 if [ "$confirm" = "y" ] || [ "$confirm" = "Y" ]; then crontab_sync	not-run	-
crontab_sync_manager	20893	"$sub_choice"	5	crontab_sync_run_root_once	not-run	-
crontab_sync_manager	20893	"$sub_choice"	0	return	not-run	-
crontab_sync_manager	20893	"$sub_choice"	*	echo "无效的输入!"	not-run	-
server_retire_nginx_remove	20991	"$parent"	/etc/nginx/sites-enabled|/etc/nginx/sites-available|/home/web/conf.d		not-run	-
server_retire_nginx_remove	20991	"$parent"	*	echo "拒绝非托管配置路径。"; return 1	not-run	-
server_retire_capture	21208	"$1"	C	docker_compose_update_discover_projects	not-run	-
server_retire_capture	21208	"$1"	N	server_retire_nginx_items	not-run	-
server_retire_capture	21208	"$1"	A	server_retire_script_items	not-run	-
server_retire_capture	21208	"$1"	U	server_retire_update_items	not-run	-
server_retire_capture	21208	"$1"	R	printf '%s %s\n' "$DAIMON_SCRIPT_DIR/auto_cert_renewal.sh" "$DAIMON_ROOT_DIR/cert-renew.sh"	not-run	-
server_retire_capture	21208	"$1"	*	return 1	not-run	-
server_retire_apply_token	21228	"$token"	C*	IFS=$' ' read -r project workdir config_files <<< "$item"; server_retire_compose_stop "$project" "$workdir" "$config_files"	helper-native/partial	461dd2a/5758591: two native Docker hosts, four checks each; 6 guard regressions; full menu not separately driven
server_retire_apply_token	21228	"$token"	N*	IFS=$' ' read -r file domains enabled <<< "$item"; server_retire_nginx_remove "$file" "$domains"	not-run	-
server_retire_apply_token	21228	"$token"	A*|U*	file=${item%%$' '*}; server_retire_remove_script "$file"	not-run	-
server_retire_apply_token	21228	"$token"	R1	IFS=$' ' read -r file workdir <<< "$item" server_retire_remove_script "$file" || failure=1 server_retire_remove_script "$workdir" || failure=1 return "$failure"	not-run	-
server_retire_menu	21351	"$choice"	1	server_retire_bulk	not-run	-
server_retire_menu	21351	"$choice"	2	server_retire_compose_menu	not-run	-
server_retire_menu	21351	"$choice"	3	server_retire_nginx_menu	menu-real-vm/partial	7011577; Debian13AMD64 and Ubuntu22ARM64 full main19->3 and actual nginx; five rounds cover cancel/invalid/duplicate selection, shared certificates and remaining HTTPS site, ExecReload failure restores config/link, inactive service preserved; both VMs restored; other retirement not covered
server_retire_menu	21351	"$choice"	4	server_retire_script_menu sync	not-run	-
server_retire_menu	21351	"$choice"	5	server_retire_script_menu update	not-run	-
server_retire_menu	21351	"$choice"	6	server_retire_cert_menu	not-run	-
server_retire_menu	21351	"$choice"	0	return	not-run	-
server_retire_menu	21351	"$choice"	*	echo "无效的输入!"	not-run	-
warp_manager	21387	$sub_choice	1	clear send_stats "warp管理" install wget curl daimon_run_cached_script "https://gitlab.com/fscarmen/warp/-/raw/main/menu.sh" "warp-menu.sh"	not-run	-
warp_manager	21387	$sub_choice	2	clear echo -e "${gl_hong}警告：此操作会永久关闭并彻底删除 WARP 网络接口、WARP Linux Client 和 WireProxy。${gl_bai}" read -e -p "确认彻底删除 WARP？(y/N): " confirm || return 1 if [ "$confirm" = "y" ] || [ "$confirm" = "Y" ]; then send_stats "彻底删除warp" install wget curl 	not-run	-
warp_manager	21387	$sub_choice	0	return	not-run	-
warp_manager	21387	$sub_choice	*	echo "无效的输入!"	not-run	-
debian_basics_install	21519	"$package"	ca-certificates|curl|wget|jq		not-run	-
debian_basics_install	21519	"$package"	*	echo "无效的 Debian 软件包: $package"; return 1	not-run	-
debian_basics_menu	21567	"$answer"	''|y|Y		not-run	-
debian_basics_menu	21567	"$answer"	*	echo "已取消"; return 0	not-run	-
kejilion_sh	21622	$choice	1	linux_info	menu-real/partial	2026-09-28; 5ca85df; six hosts; installed definitions and actual menu/CLI dispatch, real host queries; isolated sshd precedence/recursive Include and 2 TCP + 1 UDP sockets; startup migrations excluded; not every service state
kejilion_sh	21622	$choice	2	clear ; send_stats "系统更新" ; linux_update	menu-real/partial	2026-09-28; 5ca85df; six hosts; native Ubuntu 22.04/Debian 13 disposable rootfs; real apt/dpkg and owned .deb repository; upgrade preserves edited conffile, orphan/cache cleanup and repeat; lock/HTTP503 rejected; no full distro upgrade or journal rotation
kejilion_sh	21622	$choice	3	clear ; send_stats "系统清理" ; linux_clean	menu-real/partial	2026-09-28; 5ca85df; six hosts; native Ubuntu 22.04/Debian 13 disposable rootfs; real apt/dpkg and owned .deb repository; upgrade preserves edited conffile, orphan/cache cleanup and repeat; lock/HTTP503 rejected; no full distro upgrade or journal rotation
kejilion_sh	21622	$choice	4	one_click_config_manager; pause_after=false	handler-real/partial	2026-09-28; 5ca85df; six hosts; one_click_config_manager handler real apt for items 2/3; main-menu 4 dispatch itself only in guarded regression; other setup items not covered
kejilion_sh	21622	$choice	5	linux_Settings; pause_after=false	menu-real/partial	2575b93/system-tools-real.py; six hosts; isolated owned files and network/mount namespaces; selected submenus only
kejilion_sh	21622	$choice	6	linux_tools thirdparty; pause_after=false	not-run	-
kejilion_sh	21622	$choice	7	linux_tools programming; pause_after=false	not-run	-
kejilion_sh	21622	$choice	8	linux_docker; pause_after=false	not-run	-
kejilion_sh	21622	$choice	9	ssh_config_manager; pause_after=false	menu-real-vm/partial	4c684af/f9cd0f8; both VMs actual main9 authentication2/disable1 then independent confirmation, private key submenu5 import3/delete4 with plain/encrypted Ed25519 and invalid-data rejection; port/one-click/editor/public-key removal not accepted
kejilion_sh	21622	$choice	10	ufw_manager; pause_after=false	not-run	-
kejilion_sh	21622	$choice	11	ssl_nginx_manager; pause_after=false	not-run	-
kejilion_sh	21622	$choice	12	fail2ban_manager; pause_after=false	not-run	-
kejilion_sh	21622	$choice	13	linux_bbr; pause_after=false	not-run	-
kejilion_sh	21622	$choice	14	warp_manager; pause_after=false	not-run	-
kejilion_sh	21622	$choice	15	rclone_manager; pause_after=false	not-run	-
kejilion_sh	21622	$choice	16	bitwarden_manager; pause_after=false	not-run	-
kejilion_sh	21622	$choice	17	crontab_sync_manager; pause_after=false	not-run	-
kejilion_sh	21622	$choice	18	common_one_click_scripts; pause_after=false	not-run	-
kejilion_sh	21622	$choice	19	server_retire_menu; pause_after=false	not-run	-
kejilion_sh	21622	$choice	20	debian_basics_menu; pause_after=false	not-run	-
kejilion_sh	21622	$choice	00	kejilion_update; pause_after=false	handler-real/scoped	2026-09-28 updater; six hosts; skip backup/helper migration as authorized
kejilion_sh	21622	$choice	0	clear ; exit	menu-real/partial	2026-09-28; 5ca85df; six hosts; actual menu exits after info/update/clean without a second completion pause
kejilion_sh	21622	$choice	*	echo "无效的输入!"	not-run	-
CLI	21685	$1	install|add|安装	shift send_stats "安装软件" install "$@"	not-run	-
CLI	21685	$1	remove|del|uninstall|卸载	shift send_stats "卸载软件" remove "$@"	not-run	-
CLI	21685	$1	update|更新	linux_update	menu-real/partial	2026-09-28; 5ca85df; six hosts; native Ubuntu 22.04/Debian 13 disposable rootfs; real apt/dpkg and owned .deb repository; upgrade preserves edited conffile, orphan/cache cleanup and repeat; lock/HTTP503 rejected; no full distro upgrade or journal rotation
CLI	21685	$1	clean|清理	linux_clean	menu-real/partial	2026-09-28; 5ca85df; six hosts; native Ubuntu 22.04/Debian 13 disposable rootfs; real apt/dpkg and owned .deb repository; upgrade preserves edited conffile, orphan/cache cleanup and repeat; lock/HTTP503 rejected; no full distro upgrade or journal rotation
CLI	21685	$1	bbr3|bbrv3	bbrv3	not-run	-
CLI	21685	$1	nhyh|内核优化	Kernel_optimize	not-run	-
CLI	21685	$1	trash|hsz|回收站	linux_trash	not-run	-
CLI	21685	$1	backup|bf|备份	linux_backup	not-run	-
CLI	21685	$1	ssh|远程连接	ssh_manager	not-run	-
CLI	21685	$1	rsync|远程同步	rsync_manager	not-run	-
CLI	21685	$1	rsync_run	shift send_stats "定时rsync同步" run_task "$@"	not-run	-
CLI	21685	$1	disk|硬盘管理	disk_manager	not-run	-
CLI	21685	$1	wp|wordpress	echo "LDNMP建站模块已移除"	not-run	-
CLI	21685	$1	fd|rp|反代	echo "LDNMP反代模块已移除"	not-run	-
CLI	21685	$1	loadbalance|负载均衡	echo "LDNMP负载均衡模块已移除"	not-run	-
CLI	21685	$1	stream|L4负载均衡	echo "LDNMP四层转发模块已移除"	not-run	-
CLI	21685	$1	swap	shift send_stats "快速设置虚拟内存" add_swap "$@"	cli-real-vm/partial	38629fc; two owned Ubuntu/Debian VMs; actual CLI create/repeat/invalid sizes and reboot activation; not six host swap tests
CLI	21685	$1	time|时区	shift send_stats "快速设置时区" set_timedate "$@"	not-run	-
CLI	21685	$1	iptables_open	iptables_open	not-run	-
CLI	21685	$1	frps	frps_panel	not-run	-
CLI	21685	$1	frpc	frpc_panel	not-run	-
CLI	21685	$1	打开端口|dkdk	shift open_port "$@"	not-run	-
CLI	21685	$1	关闭端口|gbdk	shift close_port "$@"	not-run	-
CLI	21685	$1	放行IP|fxip	shift allow_ip "$@"	not-run	-
CLI	21685	$1	阻止IP|zzip	shift block_ip "$@"	not-run	-
CLI	21685	$1	防火墙|fhq	iptables_panel	not-run	-
CLI	21685	$1	命令收藏夹|fav	linux_fav	not-run	-
CLI	21685	$1	status|状态	shift send_stats "软件状态查看" status "$@"	not-run	-
CLI	21685	$1	start|启动	shift send_stats "软件启动" start "$@"	not-run	-
CLI	21685	$1	stop|停止	shift send_stats "软件暂停" stop "$@"	not-run	-
CLI	21685	$1	restart|重启	shift send_stats "软件重启" restart "$@"	not-run	-
CLI	21685	$1	enable|autostart|开机启动	shift send_stats "软件开机自启" enable "$@"	not-run	-
CLI	21685	$1	ssl	shift if [ "$1" = "ps" ]; then send_stats "查看证书状态" ssl_ps elif [ -z "$1" ]; then add_ssl send_stats "快速申请证书" elif [ -n "$1" ]; then add_ssl "$1" send_stats "快速申请证书" else k_info fi	not-run	-
CLI	21685	$1	docker	shift case $1 in install|安装) send_stats "快捷安装docker" install_docker ;; ps|容器) send_stats "快捷容器管理" docker_ps ;; img|镜像) send_stats "快捷镜像管理" docker_image ;; *) linux_docker ;; esac	not-run	-
CLI	21685	$1	web	echo "LDNMP站点管理模块已移除"	not-run	-
CLI	21685	$1	info	linux_info	menu-real/partial	2026-09-28; 5ca85df; six hosts; installed definitions and actual menu/CLI dispatch, real host queries; isolated sshd precedence/recursive Include and 2 TCP + 1 UDP sockets; startup migrations excluded; not every service state
CLI	21685	$1	fail2ban|f2b	fail2ban_manager	not-run	-
CLI	21685	$1	rclone|rc	rclone_manager	not-run	-
CLI	21685	$1	bitwarden|bw	bitwarden_manager	not-run	-
CLI	21685	$1	cronsync|syncscripts|cron-sync	crontab_sync_manager	not-run	-
CLI	21685	$1	retire|退役	server_retire_menu	not-run	-
CLI	21685	$1	sshkey	shift case "$1" in "" ) # sshkey → 交互菜单 send_stats "SSHKey 交互菜单" sshkey_panel ;; github ) shift send_stats "从 GitHub 导入 SSH 公钥" fetch_github_ssh_keys "$1" ;; http://*|https://* ) send_stats "从 URL 导入 SSH 公钥" fetch_remote_ssh_keys "$1" ;; ss	not-run	-
CLI	21685	$1	*	k_info	not-run	-
CLI	21847	$1	install|安装	send_stats "快捷安装docker" install_docker	not-run	-
CLI	21847	$1	ps|容器	send_stats "快捷容器管理" docker_ps	not-run	-
CLI	21847	$1	img|镜像	send_stats "快捷镜像管理" docker_image	not-run	-
CLI	21847	$1	*	linux_docker	not-run	-
CLI	21901	"$1"	""	send_stats "SSHKey 交互菜单" sshkey_panel	not-run	-
CLI	21901	"$1"	github	shift send_stats "从 GitHub 导入 SSH 公钥" fetch_github_ssh_keys "$1"	not-run	-
CLI	21901	"$1"	http://*|https://*	send_stats "从 URL 导入 SSH 公钥" fetch_remote_ssh_keys "$1"	handler-real/partial	2026-09-28 ssh-key; six hosts; isolated sshd; not whole CLI
CLI	21901	"$1"	ssh-rsa*|ssh-ed25519*|ssh-ecdsa*	send_stats "公钥直接导入" import_sshkey "$1"	handler-real/partial	2026-09-28 ssh-key; six hosts; isolated sshd; not whole CLI
CLI	21901	"$1"	*	echo "错误：未知参数 '$1'" echo "用法：" echo " k sshkey 进入交互菜单" echo " k sshkey \"<pubkey>\" 直接导入 SSH 公钥" echo " k sshkey <url> 从 URL 导入 SSH 公钥" echo " k sshkey github <user> 从 GitHub 导入 SSH 公钥"	not-run	-
linux_tools/thirdparty/install		tool number	1	install_tool_by_id vim	not-run	-
linux_tools/thirdparty/remove		tool number	1	remove_tool_by_id vim	not-run	-
linux_tools/thirdparty/install		tool number	2	install_tool_by_id cpcat	not-run	-
linux_tools/thirdparty/remove		tool number	2	remove_tool_by_id cpcat	not-run	-
linux_tools/thirdparty/install		tool number	3	install_tool_by_id ctrld	not-run	-
linux_tools/thirdparty/remove		tool number	3	remove_tool_by_id ctrld	not-run	-
linux_tools/thirdparty/install		tool number	4	install_tool_by_id starship	not-run	-
linux_tools/thirdparty/remove		tool number	4	remove_tool_by_id starship	not-run	-
linux_tools/thirdparty/install		tool number	5	install_tool_by_id bat	not-run	-
linux_tools/thirdparty/remove		tool number	5	remove_tool_by_id bat	not-run	-
linux_tools/thirdparty/install		tool number	6	install_tool_by_id btop	not-run	-
linux_tools/thirdparty/remove		tool number	6	remove_tool_by_id btop	not-run	-
linux_tools/thirdparty/install		tool number	7	install_tool_by_id tree	not-run	-
linux_tools/thirdparty/remove		tool number	7	remove_tool_by_id tree	not-run	-
linux_tools/thirdparty/install		tool number	8	install_tool_by_id ripgrep	not-run	-
linux_tools/thirdparty/remove		tool number	8	remove_tool_by_id ripgrep	not-run	-
linux_tools/thirdparty/install		tool number	9	install_tool_by_id fd	not-run	-
linux_tools/thirdparty/remove		tool number	9	remove_tool_by_id fd	not-run	-
linux_tools/thirdparty/install		tool number	10	install_tool_by_id fzf	not-run	-
linux_tools/thirdparty/remove		tool number	10	remove_tool_by_id fzf	not-run	-
linux_tools/thirdparty/install		tool number	11	install_tool_by_id blesh	not-run	-
linux_tools/thirdparty/remove		tool number	11	remove_tool_by_id blesh	not-run	-
linux_tools/thirdparty/install		tool number	12	install_tool_by_id yazi	not-run	-
linux_tools/thirdparty/remove		tool number	12	remove_tool_by_id yazi	not-run	-
linux_tools/thirdparty/install		tool number	13	install_tool_by_id ncdu	not-run	-
linux_tools/thirdparty/remove		tool number	13	remove_tool_by_id ncdu	not-run	-
linux_tools/thirdparty/install		tool number	14	install_tool_by_id nexttrace	not-run	-
linux_tools/thirdparty/remove		tool number	14	remove_tool_by_id nexttrace	not-run	-
linux_tools/thirdparty/install		tool number	15	install_tool_by_id iperf3	not-run	-
linux_tools/thirdparty/remove		tool number	15	remove_tool_by_id iperf3	not-run	-
linux_tools/programming/install		tool number	1	install_tool_by_id python	not-run	-
linux_tools/programming/remove		tool number	1	remove_tool_by_id python	not-run	-
linux_tools/programming/install		tool number	2	install_tool_by_id npm	not-run	-
linux_tools/programming/remove		tool number	2	remove_tool_by_id npm	not-run	-
linux_tools/programming/install		tool number	3	install_tool_by_id nodejs	not-run	-
linux_tools/programming/remove		tool number	3	remove_tool_by_id nodejs	not-run	-
linux_tools/programming/install		tool number	4	install_tool_by_id bun	not-run	-
linux_tools/programming/remove		tool number	4	remove_tool_by_id bun	not-run	-
linux_tools/programming/install		tool number	5	install_tool_by_id uv	not-run	-
linux_tools/programming/remove		tool number	5	remove_tool_by_id uv	not-run	-
linux_tools/programming/install		tool number	6	install_tool_by_id git	not-run	-
linux_tools/programming/remove		tool number	6	remove_tool_by_id git	not-run	-
linux_tools/programming/install		tool number	7	install_tool_by_id claude	not-run	-
linux_tools/programming/remove		tool number	7	remove_tool_by_id claude	not-run	-
linux_tools/programming/install		tool number	8	install_tool_by_id codex	not-run	-
linux_tools/programming/remove		tool number	8	remove_tool_by_id codex	not-run	-
crontab_sync_manager	21250	"$sub_choice"	6	crontab_sync_migrate_legacy_menu	helper-native/partial	7054f73: explicit migration; 9 native tests/host; remote readiness mocked; full menu not separately driven
